number,title,character,line
4,Star Trek IV: The Voyage Home,SAREK,Why did you leave him on Genesis! Spock trusted you. You denied him his future!
4,Star Trek IV: The Voyage Home,KIRK,I saw no future.
4,Star Trek IV: The Voyage Home,SAREK,"Only his body was in death, Kirk. ...bring him to us ...and bring that which he gave you ...his living spirit."
4,Star Trek IV: The Voyage Home,KIRK,...if there's a chance that Spock has an eternal soul ...then it's my responsibility. ...Give me back the Enterprise!
4,Star Trek IV: The Voyage Home,MORROW,"Out of the question, my friend!"
4,Star Trek IV: The Voyage Home,SULU,"The word, sir?"
4,Star Trek IV: The Voyage Home,KIRK,The word ...is no I am therefore going anyway.
4,Star Trek IV: The Voyage Home,FIRST OFFICER,"Sir, someone is stealing the Enterprise!"
4,Star Trek IV: The Voyage Home,STARFLEET VOICE,"All stations, Yellow Alert!"
4,Star Trek IV: The Voyage Home,CHEKOV,"Sir. Commander, Starfleet on emergency channel. He orders you to surrender this vessel."
4,Star Trek IV: The Voyage Home,KIRK,"No reply, Chekov."
4,Star Trek IV: The Voyage Home,SULU,One minute to space doors.
4,Star Trek IV: The Voyage Home,STYLES,"Kirk! If you do this, you'll never sit in the Captain's chair again."
4,Star Trek IV: The Voyage Home,KIRK,Warp speed.
4,Star Trek IV: The Voyage Home,SULU,...Warp speed.
4,Star Trek IV: The Voyage Home,KIRK,Best speed to Genesis. Captain's log. Unfortunately we were not the first to arrive.
4,Star Trek IV: The Voyage Home,SULU,"Klingon Bird of Prey, sir! She's arming torpedoes!"
4,Star Trek IV: The Voyage Home,KIRK,...your presence here is an act of war.
4,Star Trek IV: The Voyage Home,KRUGE,"Fire! Captain's log. Quickly overpowered, we had no choice but to allow the Klingons aboard, which meant the only way to defeat them was to destroy the Enterprise."
4,Star Trek IV: The Voyage Home,TORG,...The ship appears to be deserted.
4,Star Trek IV: The Voyage Home,KRUGE,...They're hiding! Captain's log. Leaving our ship for the last time we fled to Genesis.
4,Star Trek IV: The Voyage Home,COMPUTER VOICE,"...five,..."
4,Star Trek IV: The Voyage Home,KRUGE,Get out! Get out...
4,Star Trek IV: The Voyage Home,KIRK,...What have I done? Mc
4,Star Trek IV: The Voyage Home,COY,"What you had to do... Captain's log. Just as the planet began to self-destruct we found Spock, and he was alive. His body had been regenerated but his mind was blank. Escaping Genesis we used the captured Klingon vessel to transport us to Vulcan where a mysterious ceremony was performed by Spock's people in an attempt to restore his memory."
4,Star Trek IV: The Voyage Home,SPOCK,...You came back for me.
4,Star Trek IV: The Voyage Home,KIRK,You would have done the same for me.
4,Star Trek IV: The Voyage Home,SPOCK,Why would you do this?
4,Star Trek IV: The Voyage Home,KIRK,"Because the needs of the one ...outweigh the needs of the many. Captain's log. Meanwhile, back on Earth, the punishment for our disobedience awaited us. ""The cast and crew of Star Trek wish to dedicate this film to the men and women of the spaceship Challenger whose courageous spirit shall live to the twenty-third century and beyond...."" OPENING CREDITS"
4,Star Trek IV: The Voyage Home,SARATOGA CAPTAIN,What do you make of it?
4,Star Trek IV: The Voyage Home,SARATOGA HELMSMAN,"It appears to be a probe, Captain, from an intelligence unknown to us."
4,Star Trek IV: The Voyage Home,SARATOGA CAPTAIN,"Continue transmitting, universal 'Peace' and 'Hello' in all known languages. ...Get me Starfleet Command."
4,Star Trek IV: The Voyage Home,SARATOGA HELMSMAN,"Ready, Captain."
4,Star Trek IV: The Voyage Home,SARATOGA CAPTAIN,"Starfleet Command, this is U.S.S. Saratoga patrolling Sector Five, Neutral Zone. We are tracking a probe of unknown origin on apparent trajectory to the Terran solar system. Attempts to communicate with the probe have been negative on all known frequencies."
4,Star Trek IV: The Voyage Home,STARFLEET VOICE,"Continue tracking, Saratoga. We will analyze transmissions and advise."
4,Star Trek IV: The Voyage Home,SARATOGA CAPTAIN,"Roger, Starfleet, Saratoga out."
4,Star Trek IV: The Voyage Home,COMPUTER VOICE,"...six, ...five, ...four, ...three, ...two, ...one..."
4,Star Trek IV: The Voyage Home,KLINGON AMBASSADOR,"Hold the image. Hold! ...Behold! The quintessential devil in these matters! James T. Kirk, renegade and terrorist! Not only is he responsible for the murder of a Klingon crew, the theft of a Klingon vessel. See now the real plot and intentions, Even as this Federation was negotiating a peace treaty with us, Kirk was secretly developing the Genesis torpedo, conceived by Kirk's son and test detonated by the Admiral himself! The result of this awesome energy was euphemistically called 'The Genesis Planet' ...A secret base from which to launch the annihilation of the Klingon people! We demand the extradition of Kirk! We demand justice!"
4,Star Trek IV: The Voyage Home,SAREK,"Klingon justice is a unique point of view, Mister President. ...Genesis was perfectly named. The creation of life not death. The Klingons shed the first blood while attempting to possess its secrets."
4,Star Trek IV: The Voyage Home,KLINGON AMBASSADOR,Vulcans are well known as the intellectual puppets of this Federation!
4,Star Trek IV: The Voyage Home,SAREK,Your vessel did destroy U.S.S. Grissom. Your men did kill Kirk's son. Do you deny these events?
4,Star Trek IV: The Voyage Home,KLINGON AMBASSADOR,We deny nothing! We have the right to preserve our race!
4,Star Trek IV: The Voyage Home,SAREK,Do you have the right to commit murder?
4,Star Trek IV: The Voyage Home,FEDERATION PRESIDENT,Silence! Silence! There will be no further outbursts from the floor.
4,Star Trek IV: The Voyage Home,SAREK,"Mister President, I have come to speak on behalf of the accused."
4,Star Trek IV: The Voyage Home,KLINGON AMBASSADOR,Personal bias! His son was saved by Kirk!
4,Star Trek IV: The Voyage Home,FEDERATION PRESIDENT,"Mister Ambassador, with all respect, the Council's deliberations are over."
4,Star Trek IV: The Voyage Home,KLINGON AMBASSADOR,Then Kirk goes unpunished?
4,Star Trek IV: The Voyage Home,FEDERATION PRESIDENT,Admiral Kirk has been charged with nine violations of Starfleet regulations.
4,Star Trek IV: The Voyage Home,KLINGON AMBASSADOR,"Starfleet regulations? That's outrageous! Remember this well. There shall be no peace as long as Kirk lives! Captain's log, stardate 8390. We are in the third month of our Vulcan exile. And it was Doctor McCoy with a fine sense of historical irony, who decided on a name for our captured Klingon vessel. Captain's log. ...And like those mutineers of five hundred years ago, we too have a hard choice to make."
4,Star Trek IV: The Voyage Home,KIRK,Doctor McCoy? Mc
4,Star Trek IV: The Voyage Home,COY,Aye sir.
4,Star Trek IV: The Voyage Home,KIRK,Mister Scott?
4,Star Trek IV: The Voyage Home,SCOTT,Aye sir.
4,Star Trek IV: The Voyage Home,KIRK,Uhura?
4,Star Trek IV: The Voyage Home,UHURA,Aye sir.
4,Star Trek IV: The Voyage Home,KIRK,Chekov?
4,Star Trek IV: The Voyage Home,CHEKOV,Aye sir.
4,Star Trek IV: The Voyage Home,KIRK,Sulu?
4,Star Trek IV: The Voyage Home,SULU,Aye sir.
4,Star Trek IV: The Voyage Home,KIRK,"Let the record show that the commander and the crew of the late Starship Enterprise have voted unanimously to return to Earth to face the consequences of their actions in the rescue of their comrade, Captain Spock. ...Thank you all. ...Repair stations, please."
4,Star Trek IV: The Voyage Home,KIRK,Mister Scott!
4,Star Trek IV: The Voyage Home,SCOTT,Aye sir?
4,Star Trek IV: The Voyage Home,KIRK,How soon can we be underway?
4,Star Trek IV: The Voyage Home,SCOTT,"Give me one more day, sir. Damage control is easy. Reading Klingon, That's hard. Mc"
4,Star Trek IV: The Voyage Home,COY,"You'd think they could at least send a ship. It's bad enough to be court marshaled and spend the rest of our lives mining borite, ...but to go home in this Klingon flea trap..."
4,Star Trek IV: The Voyage Home,KIRK,We could learn a thing or two from this flea trap. It's got a cloaking device that cost us a lot. Mc
4,Star Trek IV: The Voyage Home,COY,I just wish we could cloak the stench.
4,Star Trek IV: The Voyage Home,SPOCK,"Computer. Resume testing. ...T'plana-Hath, matron of Vulcan philosophy"
4,Star Trek IV: The Voyage Home,TEST COMPUTER VOICE,What is the molecular formula of aluminum sulfide crystal?
4,Star Trek IV: The Voyage Home,TEST COMPUTER VOICE,"...White Queen to section five, grid six. Queen takes Knight. Rook takes Queen. White pawn to section five, grid seven, pawn takes rook. Checkmate."
4,Star Trek IV: The Voyage Home,TEST COMPUTER VOICE,...Correct. What significant contribution to bioengineering was made on the Loonkerian outpost on Klendth?
4,Star Trek IV: The Voyage Home,SPOCK,The universal atmospheric element compensator.
4,Star Trek IV: The Voyage Home,TEST COMPUTER VOICE,Evaluate and conclude. A starship's sensors indicate it is being pursued so closely that it occupies the same space as its pursuer.
4,Star Trek IV: The Voyage Home,TEST COMPUTER VOICE,...Correct. Identify object and it's cultural significance.
4,Star Trek IV: The Voyage Home,SPOCK,Klingon mummification glyph.
4,Star Trek IV: The Voyage Home,TEST COMPUTER VOICE,What was the principle historical event on the planet Earth in the year nineteen eighty-seven?
4,Star Trek IV: The Voyage Home,TEST COMPUTER VOICE,...Correct. What is Kiri-kin-tha's first law of metaphysics?
4,Star Trek IV: The Voyage Home,SPOCK,Nothing unreal exists.
4,Star Trek IV: The Voyage Home,TEST COMPUTER VOICE,...Correct. Adjust the sine wave of this magnetic envelope so that anti-neutrons can pass through it but anti-gravitons cannot.
4,Star Trek IV: The Voyage Home,TEST COMPUTER VOICE,...Correct. What is the electronic configuration of gadolinium?
4,Star Trek IV: The Voyage Home,TEST COMPUTER VOICE,...Correct. How do you feel? ...How do you feel?
4,Star Trek IV: The Voyage Home,SPOCK,I do not understand the question.
4,Star Trek IV: The Voyage Home,AMANDA,"What is it, Spock?"
4,Star Trek IV: The Voyage Home,SPOCK,"I do not understand the question, Mother."
4,Star Trek IV: The Voyage Home,AMANDA,You're half human. The computer knows that.
4,Star Trek IV: The Voyage Home,SPOCK,The question is irrelevant.
4,Star Trek IV: The Voyage Home,AMANDA,"Spock, ...the retraining of your mind has been in the Vulcan way, so you may not understand feelings. But as my son, you have them. They will surface."
4,Star Trek IV: The Voyage Home,SPOCK,"As you wish, since you deem them of value. But I cannot wait here to find them."
4,Star Trek IV: The Voyage Home,AMANDA,Where must you go?
4,Star Trek IV: The Voyage Home,SPOCK,I must go to Earth. To offer testimony.
4,Star Trek IV: The Voyage Home,AMANDA,You do this ...for friendship?
4,Star Trek IV: The Voyage Home,SPOCK,"I do it because I was there,"
4,Star Trek IV: The Voyage Home,AMANDA,Spock. Does the good of the many outweigh the good of the one?
4,Star Trek IV: The Voyage Home,SPOCK,I would accept that as an axiom.
4,Star Trek IV: The Voyage Home,AMANDA,"Then you stand here alive because of a mistake ...made by your flawed, feeling, human friends. They have sacrificed their futures because they believed that the good of the one, ...you, ...was more important to them."
4,Star Trek IV: The Voyage Home,SPOCK,Humans make illogical decisions.
4,Star Trek IV: The Voyage Home,AMANDA,"They do, indeed."
4,Star Trek IV: The Voyage Home,SARATOGA HELMSMAN,Here it comes now.
4,Star Trek IV: The Voyage Home,SARATOGA CAPTAIN,What's causing that?
4,Star Trek IV: The Voyage Home,SARATOGA SCIENCE OFFICER,Their call is being carried on an amplification wave of enormous power!
4,Star Trek IV: The Voyage Home,SARATOGA CAPTAIN,Can you isolate the wave?
4,Star Trek IV: The Voyage Home,SARATOGA SCIENCE OFFICER,Negative. It's impacting on all our systems!
4,Star Trek IV: The Voyage Home,SARATOGA CAPTAIN,"Yellow Alert! Shields up. Helm, reduce closing speed!"
4,Star Trek IV: The Voyage Home,SARATOGA HELMSMAN,Thruster controls have been neutralized!
4,Star Trek IV: The Voyage Home,SARATOGA CAPTAIN,Emergency Thrusters!
4,Star Trek IV: The Voyage Home,SARATOGA HELMSMAN,"No response, Captain!"
4,Star Trek IV: The Voyage Home,SARATOGA CAPTAIN,Emergency lights! ...Damage report!
4,Star Trek IV: The Voyage Home,SARATOGA SCIENCE OFFICER,All systems have failed. ...We are functioning on reserve power only.
4,Star Trek IV: The Voyage Home,SARATOGA CAPTAIN,"Starfleet Command, this is Saratoga. Can you hear me? Come in, please. ...Come in, please."
4,Star Trek IV: The Voyage Home,STARFLEET AIDE,"Thank you, sir."
4,Star Trek IV: The Voyage Home,FEDERATION PRESIDENT,"Status report, Admiral!"
4,Star Trek IV: The Voyage Home,CARTWRIGHT,"Mister President, the Probe is headed directly for us, The signal is damaging everything in its path. The Klingons have lost two vessels. Two starships and three smaller vessels have been neutralized."
4,Star Trek IV: The Voyage Home,FEDERATION PRESIDENT,Neutralized? How?
4,Star Trek IV: The Voyage Home,CARTWRIGHT,We don't know. Get me the Yorktown.
4,Star Trek IV: The Voyage Home,YORKTOWN CAPTAIN,Emergency channel zero one three zero. Code red. It has been three hours since our contact with the alien Probe. All attempts at regaining power have failed.
4,Star Trek IV: The Voyage Home,CARTWRIGHT,It's using forms of energy we do not understand.
4,Star Trek IV: The Voyage Home,FEDERATION PRESIDENT,Can you protect us?
4,Star Trek IV: The Voyage Home,CARTWRIGHT,We are launching everything we have.
4,Star Trek IV: The Voyage Home,YORKTOWN CAPTAIN,"Our systems engineers are trying to deploy a makeshift solar-sail. We have high hopes that this will, if successful, generate power to keep us alive."
4,Star Trek IV: The Voyage Home,KIRK,Systems report. Communications?
4,Star Trek IV: The Voyage Home,UHURA,"Communications systems all ready, sir. Communications officer is as ready as she'll ever be."
4,Star Trek IV: The Voyage Home,KIRK,Mister Sulu?
4,Star Trek IV: The Voyage Home,SULU,Guidance is functional. Onboard computer will interface with Federation memory bank.
4,Star Trek IV: The Voyage Home,KIRK,Weapons systems?
4,Star Trek IV: The Voyage Home,CHEKOV,"Operational, Admiral. Cloaking device now available on all flight modes."
4,Star Trek IV: The Voyage Home,KIRK,"I'm impressed, A lot of effort for a short voyage."
4,Star Trek IV: The Voyage Home,CHEKOV,"We are in an enemy wessel, sir. I didn't wish to be shot down on the way to our own funeral."
4,Star Trek IV: The Voyage Home,KIRK,"Most prudent. ...Engine room. Report, Mister Scott."
4,Star Trek IV: The Voyage Home,SCOTT,"We're ready, sir. I've converted the dilithium sequencer into something a little less primitive. And Admiral, ...I have replaced the Klingon food packs. They was givin' me sour stomach."
4,Star Trek IV: The Voyage Home,KIRK,"Oh, is that what it was? ...Prepare for departure. Everybody not going to Earth had better get off. Saavik, ...this is goodbye."
4,Star Trek IV: The Voyage Home,SAAVIK,Yes sir.
4,Star Trek IV: The Voyage Home,KIRK,Thank you.
4,Star Trek IV: The Voyage Home,SAAVIK,"Sir. I have not had the opportunity to tell you about your son. David died most bravely. He saved Spock. He saved us all. ...I thought you should know. ...Good day, Captain Spock. ...May your journey be free of incident."
4,Star Trek IV: The Voyage Home,SPOCK,"Live long and prosper, Lieutenant. ...Permission to come aboard."
4,Star Trek IV: The Voyage Home,KIRK,Permission granted.
4,Star Trek IV: The Voyage Home,SPOCK,"Thank you, Admiral."
4,Star Trek IV: The Voyage Home,KIRK,"Jim, Spock! Jim! Don't you remember?"
4,Star Trek IV: The Voyage Home,SPOCK,"It would not be proper to refer to you as Jim while you are in command, Admiral. ...Also, I must apologize for my attire. ...I seem to have misplaced my uniform."
4,Star Trek IV: The Voyage Home,KIRK,Station. Mc
4,Star Trek IV: The Voyage Home,COY,Are you sure this is such a bright idea?
4,Star Trek IV: The Voyage Home,KIRK,What do you mean? Mc
4,Star Trek IV: The Voyage Home,COY,"Him? I mean him, back at his post, like nothing happened. I don't know if you've got the whole picture but he isn't exactly working on all thrusters."
4,Star Trek IV: The Voyage Home,KIRK,It'll come back to him. Mc
4,Star Trek IV: The Voyage Home,COY,Are you sure? ...That's what I thought.
4,Star Trek IV: The Voyage Home,KIRK,"Mister Sulu, ...take us home."
4,Star Trek IV: The Voyage Home,SULU,Thrusters functional. ...One-quarter impulse power
4,Star Trek IV: The Voyage Home,STARFLEET VOICE,"Spacedock, this is Starfleet Command. Launch all vessels. Launch all vessels."
4,Star Trek IV: The Voyage Home,CONTROLLER #2,Sir! Spacedock doors are inoperative! All emergency systems are non-functional.
4,Star Trek IV: The Voyage Home,CONTROLLER #1,Engage reserve power.
4,Star Trek IV: The Voyage Home,CONTROLLER #2,Aye sir.
4,Star Trek IV: The Voyage Home,CONTROLLER #1,"Starfleet Command, this is Spacedock on emergency channel. We have lost all internal power."
4,Star Trek IV: The Voyage Home,SULU,"Estimating Planet Earth, one point six hours present speed."
4,Star Trek IV: The Voyage Home,KIRK,"Continue on course. Chekov, any signs of Federation escort?"
4,Star Trek IV: The Voyage Home,CHEKOV,No sir. And no Federation wessels on assigned patrol stations.
4,Star Trek IV: The Voyage Home,KIRK,"That's odd. Uhura, what's on the com channels?"
4,Star Trek IV: The Voyage Home,UHURA,"Very active, sir. Multi-phasic transmissions, overlapping. It's almost a gibberish. I will see if I can sort it out. Mc"
4,Star Trek IV: The Voyage Home,COY,Hi. ...Busy?
4,Star Trek IV: The Voyage Home,SPOCK,Uhura is busy. I am monitoring. Mc
4,Star Trek IV: The Voyage Home,COY,"Umm. Well, I just wanted to say it sure is nice to have your katra back in your head, not mine. What I mean is I may have carried your soul, but I sure couldn't fill your shoes."
4,Star Trek IV: The Voyage Home,SPOCK,My shoes. Mc
4,Star Trek IV: The Voyage Home,COY,"Forget it! ...Perhaps we could cover a little philosophical ground? Life, Death, Life. Things of that nature?"
4,Star Trek IV: The Voyage Home,SPOCK,I did not have time on Vulcan to review the philosophical diskiplines. Mc
4,Star Trek IV: The Voyage Home,COY,"Come on Spock, it's me, McCoy! You really have gone where no man has gone before. Can't you tell me what it felt like?"
4,Star Trek IV: The Voyage Home,SPOCK,It would be impossible to diskuss the subject without a common frame of reference. Mc
4,Star Trek IV: The Voyage Home,COY,You're joking!
4,Star Trek IV: The Voyage Home,SPOCK,A joke is a story with a humorous climax. Mc
4,Star Trek IV: The Voyage Home,COY,You mean I have to die to diskuss your insights on death?
4,Star Trek IV: The Voyage Home,SPOCK,"Forgive me, Doctor, I am receiving a number of distress calls. Mc"
4,Star Trek IV: The Voyage Home,COY,I don't doubt it!
4,Star Trek IV: The Voyage Home,STARFLEET COMMUNICATIONS OFFICER,"Juneau, Alaska, clouds increasing to ninety-five percent!"
4,Star Trek IV: The Voyage Home,STARFLEET DISPLAY OFFICER,"Tokyo, total cloud coverage. All power is from reserve banks. Leningrad has lost all electrical power. Cloud cover one hundred percent. Temperatures decreasing rapidly."
4,Star Trek IV: The Voyage Home,FEDERATION PRESIDENT,What is the estimated cloud cover of the Planet exactly?
4,Star Trek IV: The Voyage Home,COMPUTER VOICE,Seventy-eight point six percent.
4,Star Trek IV: The Voyage Home,CARTWRIGHT,"Notify all stations. Starfleet Emergency, RED ALERT. Switch power immediately to planetary reserves. ...Mister President, even with planetary reserves we cannot survive without the sun."
4,Star Trek IV: The Voyage Home,FEDERATION PRESIDENT,"I am well aware of that, Admiral. Ambassador Sarek, I'm afraid you're trapped her with us. There seems to be no way we can answer this Probe."
4,Star Trek IV: The Voyage Home,SAREK,"It is difficult to answer when one does not understand the question. ...Mister President, perhaps you should transmit a planet distress signal, ...while we still have time."
4,Star Trek IV: The Voyage Home,UHURA,Admiral?
4,Star Trek IV: The Voyage Home,KIRK,What is it?
4,Star Trek IV: The Voyage Home,UHURA,"Overlapping distress calls, and now a message coming in from the Federation."
4,Star Trek IV: The Voyage Home,KIRK,On screen!
4,Star Trek IV: The Voyage Home,FEDERATION PRESIDENT,This is the President of the United Federation of Planets. Do not approach Earth!
4,Star Trek IV: The Voyage Home,FEDERATION PRESIDENT,The transmissions of an orbiting Probe are causing critical damage to this planet.
4,Star Trek IV: The Voyage Home,FEDERATION PRESIDENT,It has almost totally ionized our atmosphere.
4,Star Trek IV: The Voyage Home,FEDERATION PRESIDENT,All power sources have failed. All orbiting starships are powerless. The Probe is vaporizing our oceans.
4,Star Trek IV: The Voyage Home,FEDERATION PRESIDENT,We cannot survive unless a way can be found to respond to the Probe. Further communications may not be possible
4,Star Trek IV: The Voyage Home,FEDERATION PRESIDENT,"Save your energy, Save yourselves."
4,Star Trek IV: The Voyage Home,FEDERATION PRESIDENT,Avoid the Planet Earth at all costs. ...Farewell.
4,Star Trek IV: The Voyage Home,KIRK,"Uhura, let's hear the Probe's transmissions."
4,Star Trek IV: The Voyage Home,UHURA,Yes sir. ...On speakers.
4,Star Trek IV: The Voyage Home,KIRK,Spock? What do you make of that?
4,Star Trek IV: The Voyage Home,SPOCK,Most unusual. An unknown form of energy of great power and intelligence. Evidently unaware that its transmissions are disruptive. I find it illogical that its intentions could be hostile. Mc
4,Star Trek IV: The Voyage Home,COY,"Well, dammit? You think this is its way of saying 'Hi there' to the people of the Earth?"
4,Star Trek IV: The Voyage Home,SPOCK,"There are other forms on intelligence on Earth, Doctor. Only human arrogance would assume the message must be meant for man."
4,Star Trek IV: The Voyage Home,KIRK,You're suggesting the transmission is meant for lifeform other than man?
4,Star Trek IV: The Voyage Home,SPOCK,"It is a possibility, Admiral. The President did say that it was directed at Earth's oceans"
4,Star Trek IV: The Voyage Home,KIRK,"Uhura, ...can you modify the Probe's signals accounting for density and temperature and salinity factors?"
4,Star Trek IV: The Voyage Home,UHURA,"I'll try, sir. ...I think I have it."
4,Star Trek IV: The Voyage Home,KIRK,And this is what it would sound like underwater?
4,Star Trek IV: The Voyage Home,UHURA,Yes sir.
4,Star Trek IV: The Voyage Home,SPOCK,"Fascinating. If my suspicion is correct, there can be no response to this message."
4,Star Trek IV: The Voyage Home,KIRK,Where are you going?
4,Star Trek IV: The Voyage Home,SPOCK,To test my theory.
4,Star Trek IV: The Voyage Home,KIRK,"Bones, you stay here. Mc"
4,Star Trek IV: The Voyage Home,COY,"No way, ...somebody's gotta keep an eye on him!"
4,Star Trek IV: The Voyage Home,KIRK,Spock?
4,Star Trek IV: The Voyage Home,SPOCK,"As suspected, the Probe's transmissions are the songs sung by whales."
4,Star Trek IV: The Voyage Home,KIRK,Whales?
4,Star Trek IV: The Voyage Home,SPOCK,"Specifically, humpback whales. Mc"
4,Star Trek IV: The Voyage Home,COY,That's crazy! Who would send a Probe hundreds of light years to talk to a whale?
4,Star Trek IV: The Voyage Home,KIRK,It's possible. Whales have been on Earth far earlier than man.
4,Star Trek IV: The Voyage Home,SPOCK,Ten million years earlier. And humpbacks were heavily hunted by man. They've been extinct since the twenty-first century. It is possible that an alien intelligence sent the Probe to determine why they lost contact. Mc
4,Star Trek IV: The Voyage Home,COY,My God!
4,Star Trek IV: The Voyage Home,KIRK,"Spock, could the humpback's answer to this call be simulated?"
4,Star Trek IV: The Voyage Home,SPOCK,"The sounds, but not the language. We would be responding in gibberish."
4,Star Trek IV: The Voyage Home,KIRK,Does the species exist on any other planet?
4,Star Trek IV: The Voyage Home,SPOCK,Negative. Humpbacks were indigenous to Earth. Earth of the past.
4,Star Trek IV: The Voyage Home,KIRK,Then we have no choice. We must destroy the Probe before it destroys Earth.
4,Star Trek IV: The Voyage Home,SPOCK,"To attempt to do so would be futile, Admiral. The Probe could render us neutral easily."
4,Star Trek IV: The Voyage Home,KIRK,But we can't turn away! ...There must be an alternative?
4,Star Trek IV: The Voyage Home,SPOCK,"There is one possibility, but I cannot guarantee its success. We could attempt to find some humpback whales. Mc"
4,Star Trek IV: The Voyage Home,COY,"You just said there aren't any, except on Earth of the past."
4,Star Trek IV: The Voyage Home,SPOCK,"Yes Doctor, that's exactly what I said. Mc"
4,Star Trek IV: The Voyage Home,COY,"Well, in that case... Now wait just a damn minute!"
4,Star Trek IV: The Voyage Home,KIRK,"Spock, start your computations for time warp. ...Bones, you come with me."
4,Star Trek IV: The Voyage Home,COMPUTER VOICE,RED ALERT! RED ALERT! RED ALERT!
4,Star Trek IV: The Voyage Home,STARFLEET COMMUNICATIONS OFFICER,"Admiral, we need that power to keep the medical and emergency systems functioning."
4,Star Trek IV: The Voyage Home,STARFLEET COMMUNICATIONS ENSIGN,All underground storage systems have been shut down.
4,Star Trek IV: The Voyage Home,COMPUTER VOICE,RED ALERT! RED ALERT! ...RED ALERT! RED ALERT!
4,Star Trek IV: The Voyage Home,KIRK,"Scotty, how long is this bay?"
4,Star Trek IV: The Voyage Home,SCOTT,"About sixty feet, Admiral."
4,Star Trek IV: The Voyage Home,KIRK,Can you enclose it to hold water?
4,Star Trek IV: The Voyage Home,SCOTT,I suppose I could. Are you planning to take a swim? Mc
4,Star Trek IV: The Voyage Home,COY,"Off the deep end, Mister Scott."
4,Star Trek IV: The Voyage Home,KIRK,"Scotty, we've got to find some humpbacks."
4,Star Trek IV: The Voyage Home,SCOTT,Humpbacked ...people?
4,Star Trek IV: The Voyage Home,KIRK,"Whales, Mister Scott, whales! Forty-five to fifty feet long, about forty tons each."
4,Star Trek IV: The Voyage Home,COY,Are you really going to try this time travel in this rust bucket?
4,Star Trek IV: The Voyage Home,KIRK,We've done it before. Mc
4,Star Trek IV: The Voyage Home,COY,"Sure, slingshot around the sun. If you pick up enough speed you're in time warp. If you don't, you fry."
4,Star Trek IV: The Voyage Home,KIRK,Would you prefer to do nothing? Mc
4,Star Trek IV: The Voyage Home,COY,"I'd prefer a dose of common sense. You are proposing to head backwards in time, find humpback whales, then bring them forward in time, drop them off, and hope to hell they tell this Probe what to do with itself!"
4,Star Trek IV: The Voyage Home,KIRK,That's the general idea. Mc
4,Star Trek IV: The Voyage Home,COY,That's crazy!
4,Star Trek IV: The Voyage Home,KIRK,"You have a better idea, now's the time."
4,Star Trek IV: The Voyage Home,KIRK,"The computations, Mister Spock?"
4,Star Trek IV: The Voyage Home,SPOCK,"In progress, Admiral."
4,Star Trek IV: The Voyage Home,KIRK,Uhura. Get me through to Starfleet Command.
4,Star Trek IV: The Voyage Home,COMPUTER VOICE,RED ALERT!
4,Star Trek IV: The Voyage Home,STARFLEET COMMUNICATIONS OFFICER,"I'm picking up a faint transmission, ...I think it's Admiral Kirk calling!"
4,Star Trek IV: The Voyage Home,CARTWRIGHT,On screen!
4,Star Trek IV: The Voyage Home,KIRK,Starfleet Command. This is Admiral James T. Kirk. ...We have intercepted and analyzed the call of the Probe.
4,Star Trek IV: The Voyage Home,CARTWRIGHT,Go to reserve power. ...Now!
4,Star Trek IV: The Voyage Home,KIRK,It is our opinion that humpback whales can give a proper response to the Probe.
4,Star Trek IV: The Voyage Home,CARTWRIGHT,Stabilize! Emergency reserve!
4,Star Trek IV: The Voyage Home,STARFLEET COMMUNICATIONS OFFICER,Emergency reserve.
4,Star Trek IV: The Voyage Home,KIRK,We are going to attempt time-travel. We are computing our trajectory at this time.
4,Star Trek IV: The Voyage Home,CARTWRIGHT,Get him back! Get him back!
4,Star Trek IV: The Voyage Home,SPOCK,"Ready to engage computer, Admiral."
4,Star Trek IV: The Voyage Home,KIRK,What is our target in time?
4,Star Trek IV: The Voyage Home,SPOCK,Late twentieth century.
4,Star Trek IV: The Voyage Home,KIRK,Surely you can be more specific.
4,Star Trek IV: The Voyage Home,SPOCK,Not with this equipment. I have had to program some of the variables from memory.
4,Star Trek IV: The Voyage Home,KIRK,What are some of the variables?
4,Star Trek IV: The Voyage Home,SPOCK,"Availability of fuel components, mass of the vessel through a time continuum, and the probable location of humpback whales, in this case, the Pacific basin."
4,Star Trek IV: The Voyage Home,KIRK,You've programd that from memory?
4,Star Trek IV: The Voyage Home,SPOCK,I have. Mc
4,Star Trek IV: The Voyage Home,COY,"Angels and ministers of grace, defend us."
4,Star Trek IV: The Voyage Home,SPOCK,"Hamlet, Act one scene four."
4,Star Trek IV: The Voyage Home,KIRK,"No doubts about your memory. Engage computer. Prepare for warp speed. ...Shields, Mister Chekov."
4,Star Trek IV: The Voyage Home,CHEKOV,"Shields, aye."
4,Star Trek IV: The Voyage Home,KIRK,"May fortune favor the foolish? ...Warp speed, Mister Sulu!"
4,Star Trek IV: The Voyage Home,SULU,"Warp two, ...warp three."
4,Star Trek IV: The Voyage Home,KIRK,Steady as she goes.
4,Star Trek IV: The Voyage Home,SULU,"Warp four, ... warp five, ...warp six, ...warp seven, warp eight."
4,Star Trek IV: The Voyage Home,CHEKOV,Heat shields at maximum.
4,Star Trek IV: The Voyage Home,SULU,"Warp nine! ...Nine point two, ...nine point three."
4,Star Trek IV: The Voyage Home,KIRK,We need breakaway speed!
4,Star Trek IV: The Voyage Home,SULU,"Nine point five, nine point six, nine point seven, nine point eight."
4,Star Trek IV: The Voyage Home,KIRK,"Now, Mister Sulu!"
4,Star Trek IV: The Voyage Home,UHURA,I should never have left him. Mc
4,Star Trek IV: The Voyage Home,COY,"Jim, where are we?"
4,Star Trek IV: The Voyage Home,KIRK,You're talking about the end of everybody on Earth.
4,Star Trek IV: The Voyage Home,KIRK,Mister Sulu? ...Mister Sulu! ...Mister Sulu.
4,Star Trek IV: The Voyage Home,SULU,Aye sir?
4,Star Trek IV: The Voyage Home,KIRK,What is our condition?
4,Star Trek IV: The Voyage Home,SULU,"Sir, ...the braking thrusters have fired."
4,Star Trek IV: The Voyage Home,KIRK,"Picture, please. ...Earth. ...But when? ...Spock?"
4,Star Trek IV: The Voyage Home,SPOCK,"Judging by the pollution content of the atmosphere, I believe we have arrived at the latter half of the twentieth century."
4,Star Trek IV: The Voyage Home,KIRK,"Well done, Spock."
4,Star Trek IV: The Voyage Home,SPOCK,"Admiral, if I may, we're probably already visible to the tracking devices of the time."
4,Star Trek IV: The Voyage Home,KIRK,"Quite right, Mister Spock. Engage cloaking device, Mister Chekov."
4,Star Trek IV: The Voyage Home,SULU,We are crossing the terminator into night.
4,Star Trek IV: The Voyage Home,SPOCK,Homing in on the west coast of North America.
4,Star Trek IV: The Voyage Home,UHURA,"Admiral, I am receiving whale song."
4,Star Trek IV: The Voyage Home,KIRK,Put them on speakers.
4,Star Trek IV: The Voyage Home,UHURA,"Admiral, this is strange. The song is directly ahead. It's coming from San Francisco."
4,Star Trek IV: The Voyage Home,KIRK,From the city? That doesn't make sense.
4,Star Trek IV: The Voyage Home,SCOTT,"Admiral, we have a serious problem. Would you please come down? It's these Klingon crystals, Admiral. The time-travel drained them. They're giving out. De-crystallizing."
4,Star Trek IV: The Voyage Home,KIRK,"Give me a round figure, Mister Scott."
4,Star Trek IV: The Voyage Home,SCOTT,"Oh, twenty-four hours, give or take, staying cloaked. After that, Admiral, we're visible, ...and dead in the water. In any case, we won't have enough to break out of Earth's gravity, to say nothing of getting back home."
4,Star Trek IV: The Voyage Home,KIRK,I can't believe we've come this far only to be stopped by this! Is there no way to re-crystallize dilithium?
4,Star Trek IV: The Voyage Home,SCOTT,"Sorry, sir. We can't even do that in the twenty-third century."
4,Star Trek IV: The Voyage Home,SPOCK,"Admiral, there may be a twentieth century possibility."
4,Star Trek IV: The Voyage Home,KIRK,Explain.
4,Star Trek IV: The Voyage Home,SPOCK,"If memory serves, there was a dubious flirtation with nuclear fission reactors resulting in toxic side effects. By the beginning of the fusion era, these reactors had been replaced, but at this time, we may be able to find some."
4,Star Trek IV: The Voyage Home,KIRK,I thought you said they were toxic.
4,Star Trek IV: The Voyage Home,SPOCK,"We could construct a device to collect their high-energy photons safely. These photons could then be injected into the dilithium chamber, causing crystalline restructure. ...Theoretically."
4,Star Trek IV: The Voyage Home,KIRK,"Where would we find these reactors, ...theoretically?"
4,Star Trek IV: The Voyage Home,SPOCK,Nuclear power was widely used in naval vessels.
4,Star Trek IV: The Voyage Home,SULU,San Francisco. I was born there. Mc
4,Star Trek IV: The Voyage Home,COY,It doesn't look all that different.
4,Star Trek IV: The Voyage Home,KIRK,Set us down in Golden Gate Park.
4,Star Trek IV: The Voyage Home,SULU,Aye sir. Descending.
4,Star Trek IV: The Voyage Home,KIRK,We'll divide into teams. Uhura and Chekov are assigned to the uranium problem.
4,Star Trek IV: The Voyage Home,CHEKOV,Yes sir.
4,Star Trek IV: The Voyage Home,KIRK,"Doctor McCoy, you, Mister Scott and Commander Sulu will convert us a whale tank. Mc"
4,Star Trek IV: The Voyage Home,COY,"Oh, joy."
4,Star Trek IV: The Voyage Home,KIRK,While Captain Spock and I will attempt to trace these whale songs to their source.
4,Star Trek IV: The Voyage Home,UHURA,"I'll have bearing and distance for you, sir."
4,Star Trek IV: The Voyage Home,KIRK,I want you all to be very careful. This is terra incognita. Many of their customs will doubtless take us by surprise. It's a forgone conclusion that none of these people have ever seen an extra-terrestrial before.
4,Star Trek IV: The Voyage Home,KIRK,"This is an extremely primitive and paranoid culture. Mister Chekov will issue a phaser and communicator to each team. We'll maintain radio silence except in emergencies. Those of you in uniform, remove your rank insignia. Any questions? All right, let's do our job and get out of here. Our own world is waiting for us to save it ...if we can. Commence landing procedure."
4,Star Trek IV: The Voyage Home,SULU,Aye sir.
4,Star Trek IV: The Voyage Home,GARBAGE MAN #1,You don't mean to tell me you two were fighting again. I thought you made it up with her last night. Why are you two always fighting?
4,Star Trek IV: The Voyage Home,GARBAGE MAN #2,"I like the way she fights! Anyway I said to her, 'If you think I'm going to spend sixty dollars for a goddam toaster oven, you're out of you're mind'."
4,Star Trek IV: The Voyage Home,GARBAGE MAN #2,What did she say to that?
4,Star Trek IV: The Voyage Home,GARBAGE MAN #1,Well...
4,Star Trek IV: The Voyage Home,GARBAGE MAN #1,What the hell was that?
4,Star Trek IV: The Voyage Home,GARBAGE MAN #2,Did you see that?
4,Star Trek IV: The Voyage Home,GARBAGE MAN #1,"No. And neither did you, so shut up."
4,Star Trek IV: The Voyage Home,KIRK,Bearing to the whales?
4,Star Trek IV: The Voyage Home,UHURA,"Two eight three degrees, ...fifteen point two kilometers."
4,Star Trek IV: The Voyage Home,KIRK,Everyone remember where we parked.
4,Star Trek IV: The Voyage Home,CAR DRIVER,"Why don't you watch were you're going, dumb ass!"
4,Star Trek IV: The Voyage Home,KIRK,Double dumb ass on you! Mc
4,Star Trek IV: The Voyage Home,COY,It's a miracle these people ever got out of the twentieth century.
4,Star Trek IV: The Voyage Home,KIRK,They're still using money. We've got to find some.
4,Star Trek IV: The Voyage Home,KIRK,Spock! The rest of you stay here. ...The rest of you break up. You look like a cadet review.
4,Star Trek IV: The Voyage Home,ANTIQUE STORE OWNER,"Yes, they're eighteenth century American, quite valuable. Are you sure you want to part with them?"
4,Star Trek IV: The Voyage Home,KIRK,How much will you give me for them?
4,Star Trek IV: The Voyage Home,SPOCK,"Excuse me, weren't those a birthday present from Doctor McCoy?"
4,Star Trek IV: The Voyage Home,KIRK,"And they will be again, that's the beauty of it. How much?"
4,Star Trek IV: The Voyage Home,ANTIQUE STORE OWNER,"Well, they'd be worth more if the lenses were intact. I'll give you one hundred dollars."
4,Star Trek IV: The Voyage Home,KIRK,Is that a lot?
4,Star Trek IV: The Voyage Home,KIRK,"That's all there is. Don't splurge. All set? Good hunting. ...Well, Spock, here we are, thanks to your restored memory and a little bit of good luck, we're walking the streets of San Francisco looking for a couple of humpback whales. How do you propose to solve this minor problem?"
4,Star Trek IV: The Voyage Home,SPOCK,Simple logic will suffice. I believe I shall begin by making use of this map. I have the distance and bearing which were provided by Commander Uhura. If we juxtapose our coordinates we should be able to find our destination. It lies at two eight three point seven degrees...
4,Star Trek IV: The Voyage Home,KIRK,I think we'll find what we're looking for at the Cetacean Institute in Sausalito. A pair of humpbacks named George and Gracie.
4,Star Trek IV: The Voyage Home,SPOCK,How do you know this?
4,Star Trek IV: The Voyage Home,KIRK,Simple logic.
4,Star Trek IV: The Voyage Home,SPOCK,"What does it mean, 'Exact change'?"
4,Star Trek IV: The Voyage Home,COY,Would you mind telling me how we plan to convert this tank?
4,Star Trek IV: The Voyage Home,SCOTT,"Ordinarily, I could do it with a piece of transparent aluminum."
4,Star Trek IV: The Voyage Home,SULU,I'm afraid you're a number of years too early for that.
4,Star Trek IV: The Voyage Home,SCOTT,I know. We've got to find the twentieth century equivalent. Mc
4,Star Trek IV: The Voyage Home,COY,But where?
4,Star Trek IV: The Voyage Home,UHURA,Did you find it?
4,Star Trek IV: The Voyage Home,CHEKOV,"Yes, under 'U.S. Government.' Now we need directions. ...Excuse me, sir. Can you direct me to the Navy base in Alameda? It's where they keep the nuclear wessels. ...Nuc-le-ar wes-sels."
4,Star Trek IV: The Voyage Home,UHURA,Excuse us!
4,Star Trek IV: The Voyage Home,CHEKOV,Excuse me. We are looking for nuclear wessels.
4,Star Trek IV: The Voyage Home,UHURA,Can you tell me where the naval base is in Alameda?
4,Star Trek IV: The Voyage Home,CHEKOV,Hello! We are looking for the nuclear wessels in Alameda. Could you tell me where...
4,Star Trek IV: The Voyage Home,UHURA,Can you help us?
4,Star Trek IV: The Voyage Home,CHEKOV,We are looking for the naval base in Alameda. Could you tell me where the nuclear wessels are? PASSER-
4,Star Trek IV: The Voyage Home,BY,"Oh, I don't know if I know the answer to that. I think it's across the bay in Alameda."
4,Star Trek IV: The Voyage Home,CHEKOV,That's what I said. Alameda.
4,Star Trek IV: The Voyage Home,UHURA,Alameda.
4,Star Trek IV: The Voyage Home,CHEKOV,I know that!
4,Star Trek IV: The Voyage Home,UHURA,But where is Alameda?
4,Star Trek IV: The Voyage Home,KIRK,Excuse me! ...Excuse me! Would you mind stopping that noise?
4,Star Trek IV: The Voyage Home,KIRK,Excuse me! Would you mind stopping that damn noise?
4,Star Trek IV: The Voyage Home,SPOCK,"Admiral, may I ask you a question?"
4,Star Trek IV: The Voyage Home,KIRK,"Spock, don't call me Admiral. ...You used to call me Jim. Don't you remember? Jim. ...What's your question?"
4,Star Trek IV: The Voyage Home,SPOCK,"Your use of language has altered since our arrival. It is currently laced with, ...shall I say, ...more colorful metaphors. 'Double dumb ass on you' ...and so forth."
4,Star Trek IV: The Voyage Home,KIRK,You mean profanity. That's simply the way they talk here. Nobody pays any attention to you if you don't swear every other word. You'll find it in all the literature of the period.
4,Star Trek IV: The Voyage Home,SPOCK,For example?
4,Star Trek IV: The Voyage Home,KIRK,"Oh, the collective works of Jacqueline Susann. The novels of Harold Robbins."
4,Star Trek IV: The Voyage Home,SPOCK,Ah! ...'The giants'.
4,Star Trek IV: The Voyage Home,TANNOY VOICE,The next showing of 'The Wonderful World of Whales' will begin in five minutes in the marine theater.
4,Star Trek IV: The Voyage Home,GILLIAN,"Here I go. ...Good morning. I'm your guide this morning, my name is Doctor Gillian Taylor, but you can call me Gillian. I'm Assistant Director of the Maritime Cetacean Institute. So please follow me and just give a yell if you can't hear me, okay? ...The Cetacean Institute is the only museum in the world exclusively devoted to whales. As you can see we have a great deal to offer, but that is small compared to what we know, ...or rather what we don't know, about whales. The first commonly held misconception is that whales are fish. They're not, they're mammals just like you and me. Warm-blooded, needing air to breathe and producing milk to nurse their young."
4,Star Trek IV: The Voyage Home,MAN,Do whales attack people ...like in 'Moby Dick'?
4,Star Trek IV: The Voyage Home,GILLIAN,"No. ...No, most whales don't even have teeth. They have a soft gum-like tissue that strains vast amounts of tiny shrimp for food and that is the limit of their hostility. Unfortunately, their principle enemy is far, far more aggressive."
4,Star Trek IV: The Voyage Home,KIRK,You mean man.
4,Star Trek IV: The Voyage Home,GILLIAN,"To put it mildly. Since the dawn of time, men have harvested whales for a variety of purposes, most of which can be achieved synthetically at this point. One hundred years ago, using hand-thrown harpoons, man did plenty of damage, ...but that is nothing compared to what he has achieved in this century. ...This is mankind's legacy, whales hunted to the brink of extinction. Virtually gone is the blue whale, the largest creature ever to inhabit the Earth. Despite all attempts at banning whaling, there are still countries and pirates currently engaged in the slaughter of these inoffensive creatures. Where the humpback whale once numbered in the hundreds of thousands, today there are less than ten thousand specimens alive and those that are taken are no longer fully grown. In addition, many of the females are killed, while still bearing unborn calves."
4,Star Trek IV: The Voyage Home,SPOCK,To hunt a species to extinction is not logical.
4,Star Trek IV: The Voyage Home,GILLIAN,"Whoever said the human race was logical? ...Now if you'll follow me, please, I'll introduce you to the Institute's pride and joy."
4,Star Trek IV: The Voyage Home,GILLIAN,"This is the largest seawater tank in the world. It contains the only two humpback whales in captivity. ...They are mature humpbacks, weighing forty-five thousand pounds each. They wandered into San Francisco Bay as calves and were brought here. We call them George and Gracie."
4,Star Trek IV: The Voyage Home,KIRK,"It's perfect, Spock. A male and a female in a contained space. We beam them up together and consider ourselves lucky."
4,Star Trek IV: The Voyage Home,GILLIAN,"Beautiful, aren't they? And extremely intelligent. ...Now if you'll follow me please."
4,Star Trek IV: The Voyage Home,GILLIAN,Despite all the things that they are teaching us we have to return George and Gracie to the open sea.
4,Star Trek IV: The Voyage Home,KIRK,Why's that?
4,Star Trek IV: The Voyage Home,GILLIAN,"Well, for one thing, we simply don't have enough money to keep feeding them two of tons of shrimp a day!"
4,Star Trek IV: The Voyage Home,KIRK,How soon?
4,Star Trek IV: The Voyage Home,GILLIAN,"Soon. ...It's too bad because they're really quite friendly, as you can see. I've grown quite attached to them. ...And now, here's a much better way to see George and Gracie ...underwater."
4,Star Trek IV: The Voyage Home,GILLIAN,"What you're hearing is recorded whale song. It is sung by the male. He'll sing anywhere from six to as long as thirty minutes, and then, start again. In the ocean, the other whales will pick up the song, and pass it on."
4,Star Trek IV: The Voyage Home,GILLIAN,"The songs change every year, but we still don't know what purpose they serve. Are they some kind of navigational signal? Could they be part of the mating ritual? Or is it pure communication beyond our comprehension? Frankly we just don't know"
4,Star Trek IV: The Voyage Home,OLDER WOMAN,Maybe he's singing to that man.
4,Star Trek IV: The Voyage Home,GILLIAN,What the hell! ...Excuse me! Wait right here!
4,Star Trek IV: The Voyage Home,GILLIAN,"Excuse me, please! ...Who the hell are you? What were you doing in there?"
4,Star Trek IV: The Voyage Home,KIRK,"Yes, speak up!"
4,Star Trek IV: The Voyage Home,SPOCK,Attempting the hell to communicate.
4,Star Trek IV: The Voyage Home,GILLIAN,Communicate? Communicate what? You have no right to be here!
4,Star Trek IV: The Voyage Home,KIRK,You heard the lady!
4,Star Trek IV: The Voyage Home,SPOCK,"Admiral, if we were to assume these whales are ours to do with as we please, we would be as guilty as those who caused their extinction."
4,Star Trek IV: The Voyage Home,GILLIAN,"Okay. I don't know what this is all about, but I want you guys out of here right now or I call the cops."
4,Star Trek IV: The Voyage Home,KIRK,I assure you that won't be necessary. We were only trying to help.
4,Star Trek IV: The Voyage Home,GILLIAN,"The hell you were, buster. Your friend was messing up my whales."
4,Star Trek IV: The Voyage Home,SPOCK,They like you very much. But they are not the hell your whales.
4,Star Trek IV: The Voyage Home,GILLIAN,I ...I suppose they told you that? Huh!
4,Star Trek IV: The Voyage Home,SPOCK,The hell they did.
4,Star Trek IV: The Voyage Home,GILLIAN,Right!
4,Star Trek IV: The Voyage Home,KIRK,Spock.
4,Star Trek IV: The Voyage Home,SPOCK,Yes?
4,Star Trek IV: The Voyage Home,KIRK,About those colorful metaphors we diskussed. I don't think you should try to use them any more.
4,Star Trek IV: The Voyage Home,SPOCK,Why not?
4,Star Trek IV: The Voyage Home,KIRK,"Well, for one thing, you haven't quite got the knack of it."
4,Star Trek IV: The Voyage Home,SPOCK,I see.
4,Star Trek IV: The Voyage Home,KIRK,"And another thing, it is not always necessary to tell the truth."
4,Star Trek IV: The Voyage Home,SPOCK,I cannot tell a lie.
4,Star Trek IV: The Voyage Home,KIRK,"I don't mean lie, ...but you could exaggerate."
4,Star Trek IV: The Voyage Home,SPOCK,Exaggerate.
4,Star Trek IV: The Voyage Home,KIRK,Exaggerate! You've done it before. Can't you remember?
4,Star Trek IV: The Voyage Home,SPOCK,The hell I can't
4,Star Trek IV: The Voyage Home,KIRK,What else did you learn from your mind-meld?
4,Star Trek IV: The Voyage Home,SPOCK,They're unhappy about the way their species has been treated by man.
4,Star Trek IV: The Voyage Home,KIRK,They have a right to be. Are they going to help us?
4,Star Trek IV: The Voyage Home,SPOCK,I believe I was successful in communicating our intentions.
4,Star Trek IV: The Voyage Home,KIRK,I see.
4,Star Trek IV: The Voyage Home,GILLIAN,It's all right. Yes. I know. It's okay. They didn't mean any harm.
4,Star Trek IV: The Voyage Home,BOB,Heard there was some excitement.
4,Star Trek IV: The Voyage Home,GILLIAN,"Oh, just a couple of kooks."
4,Star Trek IV: The Voyage Home,BOB,How you doing?
4,Star Trek IV: The Voyage Home,GILLIAN,I'm fine.
4,Star Trek IV: The Voyage Home,BOB,"Don't tell me your fish stories, kiddo. I've known you too long."
4,Star Trek IV: The Voyage Home,GILLIAN,"Bob, ...it's tearing me apart. Okay?"
4,Star Trek IV: The Voyage Home,BOB,"I know. I feel the same thing, but we're between a rock and a hard place. If we can't keep them here without risking their lives. We can't let them go without a taking the same chance."
4,Star Trek IV: The Voyage Home,GILLIAN,"I know, I know."
4,Star Trek IV: The Voyage Home,BOB,And besides we're not talking about human beings here. It's never been proven their intelligence is anyw...
4,Star Trek IV: The Voyage Home,GILLIAN,"Oh, come on Bob. I don't know about you, but my compassion for someone is not limited to my estimate of their intelligence."
4,Star Trek IV: The Voyage Home,CHEKOV,"Team leader, this is team two. Come in, please."
4,Star Trek IV: The Voyage Home,UHURA,I have the coordinates of the reactor.
4,Star Trek IV: The Voyage Home,KIRK,Kirk here.
4,Star Trek IV: The Voyage Home,CHEKOV,"Admiral, we have found the nuclear wessel."
4,Star Trek IV: The Voyage Home,KIRK,"Well done, you two!"
4,Star Trek IV: The Voyage Home,CHEKOV,"And Admiral, ... it is the Enterprise!"
4,Star Trek IV: The Voyage Home,KIRK,Understood. What's your plan?
4,Star Trek IV: The Voyage Home,CHEKOV,"We will beam in tonight, collect the photons and beam out. No one will ever know we were there."
4,Star Trek IV: The Voyage Home,KIRK,"Understood and approved. Keep me informed. Kirk out. ...There she is, from the Institute. If we play our cards right, we may be able to find out when those whales are leaving."
4,Star Trek IV: The Voyage Home,SPOCK,How will playing cards help?
4,Star Trek IV: The Voyage Home,GILLIAN,"Well, if it isn't Robin Hood and Friar Tuck."
4,Star Trek IV: The Voyage Home,GILLIAN,Where're you fellahs heading?
4,Star Trek IV: The Voyage Home,KIRK,Back to San Francisco.
4,Star Trek IV: The Voyage Home,GILLIAN,"Came all the way down here to jump in and swim with the kiddies, huh?"
4,Star Trek IV: The Voyage Home,KIRK,There's very little point in my trying to explain.
4,Star Trek IV: The Voyage Home,GILLIAN,"Yeah, I'll buy that. What about him?"
4,Star Trek IV: The Voyage Home,KIRK,Him? He's harmless. Back in the sixties he was part of the Free Speech movement at Berkeley. I think he had a little too much LDS.
4,Star Trek IV: The Voyage Home,GILLIAN,"LDS? ...Come on then, lemme give you a lift. I have a notorious weakness for hard luck cases, that's why I work with whales."
4,Star Trek IV: The Voyage Home,KIRK,We don't want to be any trouble.
4,Star Trek IV: The Voyage Home,GILLIAN,You've already been that. C'mon.
4,Star Trek IV: The Voyage Home,KIRK,"Well, thank you very much."
4,Star Trek IV: The Voyage Home,GILLIAN,Don't mention it. And don't try anything either. I got a tire iron right where I can get at it.
4,Star Trek IV: The Voyage Home,GILLIAN,"So, ...you were at ...Berkeley?"
4,Star Trek IV: The Voyage Home,SPOCK,I was not.
4,Star Trek IV: The Voyage Home,KIRK,"Memory problems, too."
4,Star Trek IV: The Voyage Home,GILLIAN,What about you? Where are you from?
4,Star Trek IV: The Voyage Home,KIRK,Iowa.
4,Star Trek IV: The Voyage Home,GILLIAN,"Oh, a landlubber. Come on, what the hell were you guys really trying to do back there? It wasn't some kinda macho thing, was it? Because if that's all, I'll be real disappointed. I really hate that macho stuff."
4,Star Trek IV: The Voyage Home,KIRK,Can I ask you a question?
4,Star Trek IV: The Voyage Home,GILLIAN,Go ahead.
4,Star Trek IV: The Voyage Home,KIRK,What's going to happen when you release the whales?
4,Star Trek IV: The Voyage Home,GILLIAN,They're gonna have to take their chances.
4,Star Trek IV: The Voyage Home,KIRK,"What does that mean, exactly? Take their chances."
4,Star Trek IV: The Voyage Home,GILLIAN,It means that they will be at risk from whale hunters ...same as the rest of the humpbacks. ...What did you mean when you said all that stuff back at the Institute about extinction?
4,Star Trek IV: The Voyage Home,SPOCK,I meant...
4,Star Trek IV: The Voyage Home,KIRK,"He meant what you said on the tour, that if things keep going the way they are, humpbacks will disappear forever."
4,Star Trek IV: The Voyage Home,GILLIAN,"That's not what he said, farm boy. 'Admiral, if we were to assume those whales are ours to do with as we please, we would be as guilty as those who caused' ...past tense... 'their extinction.' ...I have a photographic memory. I see words."
4,Star Trek IV: The Voyage Home,SPOCK,Are you sure it isn't time for a colorful metaphor?
4,Star Trek IV: The Voyage Home,GILLIAN,"You're not one of those guys from the military, are you? Trying to teach whales to retrieve torpedoes, or some dipshit stuff like that?"
4,Star Trek IV: The Voyage Home,KIRK,"No, ma'am. No dipshit."
4,Star Trek IV: The Voyage Home,GILLIAN,"Well, good, that's one thing. I'da let you off right here."
4,Star Trek IV: The Voyage Home,SPOCK,Gracie is pregnant.
4,Star Trek IV: The Voyage Home,GILLIAN,All right. Who are you? And don't jerk me around any more. I want to know how you know that.
4,Star Trek IV: The Voyage Home,KIRK,"We can't tell you that. ...Please, let me finish. I can tell you that we're not in the military and that we intend no harm towards the whales."
4,Star Trek IV: The Voyage Home,GILLIAN,Then what...
4,Star Trek IV: The Voyage Home,KIRK,"In fact, we may be able to help you in ways that, frankly, you couldn't possibly imagine."
4,Star Trek IV: The Voyage Home,GILLIAN,"Or believe, I'll bet."
4,Star Trek IV: The Voyage Home,KIRK,Very likely. ...You're not exactly catching us at our best.
4,Star Trek IV: The Voyage Home,SPOCK,That much is certain.
4,Star Trek IV: The Voyage Home,KIRK,I have got a hunch we'd all be a lot happier diskussing this over dinner. What do you say?
4,Star Trek IV: The Voyage Home,GILLIAN,You guys like Italian? SPOCK/
4,Star Trek IV: The Voyage Home,KIRK,No. Yes. No. Yes.
4,Star Trek IV: The Voyage Home,KIRK,"Yes, I love Italian and so do you."
4,Star Trek IV: The Voyage Home,SPOCK,Yes.
4,Star Trek IV: The Voyage Home,NICHOLS,"Professor Scott, I'm Doctor Nichols, plant manager. I'm terribly sorry but there's been an awful mix-up Would you believe I was never told about your visit? Mc"
4,Star Trek IV: The Voyage Home,COY,"I tried to clear things up, Professor Scott. I explained you'd come all the way her from Edinburgh on appointment to study methods of manufacturing by Plexicorp, but they don't seem to know anything about it."
4,Star Trek IV: The Voyage Home,SCOTT,Don't know anything about it? I find it hard to believe that I've come millions of miles. Mc
4,Star Trek IV: The Voyage Home,COY,Thousands! Thousands!
4,Star Trek IV: The Voyage Home,SCOTT,"Thousands of miles on an invited tour of inspection, only to be..."
4,Star Trek IV: The Voyage Home,NICHOLS,"Professor Scott, if you'll just..."
4,Star Trek IV: The Voyage Home,SCOTT,I demand to see the owners! I demand... Mc
4,Star Trek IV: The Voyage Home,COY,"Professor Scott, just take it easy! Doctor Nichols has offered to take us around the plant personally."
4,Star Trek IV: The Voyage Home,SCOTT,He has?
4,Star Trek IV: The Voyage Home,NICHOLS,With pleasure.
4,Star Trek IV: The Voyage Home,SCOTT,"Well, that's different."
4,Star Trek IV: The Voyage Home,NICHOLS,Gregory!
4,Star Trek IV: The Voyage Home,NICHOLS,Professor...
4,Star Trek IV: The Voyage Home,SCOTT,May my assistant join us?
4,Star Trek IV: The Voyage Home,NICHOLS,Of course. Mc
4,Star Trek IV: The Voyage Home,COY,Don't bury yourself in the part.
4,Star Trek IV: The Voyage Home,PILOT,Hi!
4,Star Trek IV: The Voyage Home,SULU,"Hi! A good-looking ship. Huey two oh four, isn't it?"
4,Star Trek IV: The Voyage Home,PILOT,Right on. Do you fly?
4,Star Trek IV: The Voyage Home,SULU,"Oh, here and there. ...I flew something similar back in my Academy days."
4,Star Trek IV: The Voyage Home,PILOT,"All right, then this must be old stuff to you?"
4,Star Trek IV: The Voyage Home,SULU,"Old, yes. But interesting. ...Do you mind if I ask a few questions?"
4,Star Trek IV: The Voyage Home,PILOT,Sure!
4,Star Trek IV: The Voyage Home,SCOTT,"Well, this a fine place you have here, Doctor Nichols."
4,Star Trek IV: The Voyage Home,NICHOLS,"Thank you. I must say, Professor, your knowledge of engineering is most impressive. Mc"
4,Star Trek IV: The Voyage Home,COY,"Back home, we call him the miracle worker."
4,Star Trek IV: The Voyage Home,NICHOLS,"Indeed. ...May I offer you something, gentlemen?"
4,Star Trek IV: The Voyage Home,SCOTT,"Doctor Nichols, I may be able to offer something to you."
4,Star Trek IV: The Voyage Home,NICHOLS,Yes?
4,Star Trek IV: The Voyage Home,SCOTT,I notice you're still working with polymers.
4,Star Trek IV: The Voyage Home,NICHOLS,Still? What else would I be working with?
4,Star Trek IV: The Voyage Home,SCOTT,"Ah, what else indeed? I'll put it another way. How thick would a piece of your plexiglass need to be, at sixty feet by ten feet to withstand the pressure of eighteen thousand cubic feet of water?"
4,Star Trek IV: The Voyage Home,NICHOLS,"That's easy, six inches. We carry stuff that big in stock."
4,Star Trek IV: The Voyage Home,SCOTT,"Aye, I've noticed. Now suppose, ...just suppose, ...I was to show you a way to manufacture a wall that would do the same job but be only one inch thick. Would that be worth something to you, eh?"
4,Star Trek IV: The Voyage Home,NICHOLS,You're joking? Mc
4,Star Trek IV: The Voyage Home,COY,Perhaps the professor could use your computer.
4,Star Trek IV: The Voyage Home,NICHOLS,Please.
4,Star Trek IV: The Voyage Home,SCOTT,Computer... Computer!
4,Star Trek IV: The Voyage Home,SCOTT,Ah! Hello computer?
4,Star Trek IV: The Voyage Home,NICHOLS,Just use the keyboard.
4,Star Trek IV: The Voyage Home,SCOTT,The keyboard. ...How quaint.
4,Star Trek IV: The Voyage Home,NICHOLS,Transparent aluminum?
4,Star Trek IV: The Voyage Home,SCOTT,"That's the ticket, laddie."
4,Star Trek IV: The Voyage Home,NICHOLS,It would take years just to figure out the dynamics of this matrix. Mc
4,Star Trek IV: The Voyage Home,COY,"Yes, but you'd be rich beyond the dreams of avarice."
4,Star Trek IV: The Voyage Home,SCOTT,"So, is it worth something to you? Or should I just punch up 'clear'."
4,Star Trek IV: The Voyage Home,NICHOLS,No! No! ...Not now Madeline! ...What exactly did you have in mind? Mc
4,Star Trek IV: The Voyage Home,COY,"Well, a moment alone, please. ...Do you realize of course, if we give him the formula, we're altering the future."
4,Star Trek IV: The Voyage Home,SCOTT,Why? How do we know he didn't invent the thing! Mc
4,Star Trek IV: The Voyage Home,COY,Yeah!
4,Star Trek IV: The Voyage Home,GILLIAN,Sure you won't change your mind?
4,Star Trek IV: The Voyage Home,SPOCK,Is there something wrong with the one I have?
4,Star Trek IV: The Voyage Home,KIRK,"Just a little joke. Goodbye, old friend."
4,Star Trek IV: The Voyage Home,GILLIAN,Wait a minute! How did you know Gracie's pregnant? Nobody knows that.
4,Star Trek IV: The Voyage Home,SPOCK,Gracie does. ...I'll be right here.
4,Star Trek IV: The Voyage Home,GILLIAN,Is he just going to hang around the bushes while we eat?
4,Star Trek IV: The Voyage Home,KIRK,It's his way.
4,Star Trek IV: The Voyage Home,GILLIAN,Do you trust me?
4,Star Trek IV: The Voyage Home,KIRK,Implicitly.
4,Star Trek IV: The Voyage Home,GILLIAN,"Good. Large mushroom, pepperoni with extra onions and a Michelob, please."
4,Star Trek IV: The Voyage Home,WAITER,"Great choice, ...and you, sir?"
4,Star Trek IV: The Voyage Home,KIRK,"Make that two. ...Well, how does a nice girl like you get to be a cetacean biologist?"
4,Star Trek IV: The Voyage Home,GILLIAN,"Just lucky, I guess."
4,Star Trek IV: The Voyage Home,KIRK,You're upset about losing the whales aren't you?
4,Star Trek IV: The Voyage Home,GILLIAN,You're very perceptive.
4,Star Trek IV: The Voyage Home,KIRK,"How will that be done, exactly?"
4,Star Trek IV: The Voyage Home,GILLIAN,They'll be flown in a special seven four seven to Alaska and released there.
4,Star Trek IV: The Voyage Home,KIRK,"Flown, ...and that's the last you'll see of them?"
4,Star Trek IV: The Voyage Home,GILLIAN,"See, yes. But we'll tag them with radio transmitters on a special frequency so we can keep tabs on them."
4,Star Trek IV: The Voyage Home,KIRK,"You know, ...I could take those whales somewhere, ...where they'd never be hunted."
4,Star Trek IV: The Voyage Home,GILLIAN,You? You can't even get from Sausalito to San Francisco without a lift.
4,Star Trek IV: The Voyage Home,KIRK,"If you have such a low opinion of my abilities, how come we're having dinner?"
4,Star Trek IV: The Voyage Home,GILLIAN,"I'm a sucker for hard luck cases. ...Cheers! ...Besides, I want to know why you travel around with that ditzy guy who knows that Gracie is pregnant and calls you 'Admiral'. ...Where could you take them?"
4,Star Trek IV: The Voyage Home,KIRK,Hm?
4,Star Trek IV: The Voyage Home,GILLIAN,My whales? Where could you take them where they'd be safe?
4,Star Trek IV: The Voyage Home,KIRK,It's not so much a matter of a place as of time.
4,Star Trek IV: The Voyage Home,GILLIAN,The time would have to be right now.
4,Star Trek IV: The Voyage Home,KIRK,Why right now?
4,Star Trek IV: The Voyage Home,GILLIAN,"Let's just say that no humpback born in captivity has ever survived. ...The problem is that they won't be that much safer at sea because of all the hunting this time of year. ...So you see, that, as they say, is that... Damn!"
4,Star Trek IV: The Voyage Home,GILLIAN,What's that?
4,Star Trek IV: The Voyage Home,KIRK,What's what?
4,Star Trek IV: The Voyage Home,GILLIAN,You have a pocket pager? ...Are you a doctor?
4,Star Trek IV: The Voyage Home,KIRK,What is it? I thought I told you not to call me.
4,Star Trek IV: The Voyage Home,SCOTT,"Sorry, Admiral. I thought you'd like to know, we're beaming them in now."
4,Star Trek IV: The Voyage Home,KIRK,"Oh, all right. ...Tell Them phasers on stun. Good luck. Kirk out."
4,Star Trek IV: The Voyage Home,GILLIAN,You wanna try it from the top?
4,Star Trek IV: The Voyage Home,KIRK,Why don't you tell me when those whales are leaving?
4,Star Trek IV: The Voyage Home,GILLIAN,Who are you?
4,Star Trek IV: The Voyage Home,KIRK,Who do you think I am?
4,Star Trek IV: The Voyage Home,GILLIAN,Don't tell me. You're from outer space.
4,Star Trek IV: The Voyage Home,KIRK,"No, I'm from Iowa. I only work in outer space."
4,Star Trek IV: The Voyage Home,GILLIAN,"Ah! Well, I was close. I mean I knew outer space was going to come into it sooner or later."
4,Star Trek IV: The Voyage Home,KIRK,The truth?
4,Star Trek IV: The Voyage Home,GILLIAN,I'm all ears.
4,Star Trek IV: The Voyage Home,KIRK,"Ha, ha, ha..."
4,Star Trek IV: The Voyage Home,GILLIAN,"Ha, ha, ha..."
4,Star Trek IV: The Voyage Home,KIRK,"Ha, ha, ha... Okay, the truth. ...I am from what, on your calendar, would be the late twenty-third century. I've come back in time ...to bring two humpback whales with me in an attempt to ...repopulate the species."
4,Star Trek IV: The Voyage Home,GILLIAN,"Well, why didn't you just say so? I mean, why all the coy disguises?"
4,Star Trek IV: The Voyage Home,KIRK,You want the details?
4,Star Trek IV: The Voyage Home,GILLIAN,Oh! I wouldn't miss this for all the tea in China.
4,Star Trek IV: The Voyage Home,KIRK,When are those whales being released?
4,Star Trek IV: The Voyage Home,GILLIAN,"Okay, what the hell! Your friend was right. Gracie is not only pregnant, she is very pregnant ...and at noon tomorrow, ...when there is sure to be a media circus, ...the whales get shipped out."
4,Star Trek IV: The Voyage Home,KIRK,Noon tomorrow!
4,Star Trek IV: The Voyage Home,GILLIAN,Are we leaving?
4,Star Trek IV: The Voyage Home,KIRK,Come on! We don't have much time.
4,Star Trek IV: The Voyage Home,GILLIAN,"Uh, ...could we have that to go, please?"
4,Star Trek IV: The Voyage Home,WAITER,Sure! Who gets the bad news?
4,Star Trek IV: The Voyage Home,GILLIAN,Don't' tell me they don't use money in the twenty-third century.
4,Star Trek IV: The Voyage Home,KIRK,"Well, they don't."
4,Star Trek IV: The Voyage Home,UHURA,How long?
4,Star Trek IV: The Voyage Home,CHEKOV,It depends on how much shielding there is between us and the reactor.
4,Star Trek IV: The Voyage Home,GILLIAN,"Well, 'Admiral', that was the briefest dinner I've ever had in my life, and certainly the biggest cockamamie fish story I've ever heard."
4,Star Trek IV: The Voyage Home,KIRK,"You asked. Now, do tell me something? ...George and Gracie's transmitter. What's the radio frequency?"
4,Star Trek IV: The Voyage Home,GILLIAN,"Sorry, that's classified. Look, I don't really have a clue who you are. Really! You wouldn't want to show me around your space ship, would you?"
4,Star Trek IV: The Voyage Home,KIRK,"That wouldn't be my first choice, no."
4,Star Trek IV: The Voyage Home,GILLIAN,"Well, there we are."
4,Star Trek IV: The Voyage Home,KIRK,"Lemme tell you something. I'm here to bring two humpbacks into the twenty-third century. If I have to, I'll go to the open sea to get them, but I'd much rather have yours. ...Better for me, better for you. It's better for them. ...Think about it"
4,Star Trek IV: The Voyage Home,GILLIAN,Who are you?
4,Star Trek IV: The Voyage Home,KIRK,"Think about it, but don't take too long. I'm out of time. If you change your mind, this is where I'll be."
4,Star Trek IV: The Voyage Home,GILLIAN,"Here, ...in the park?"
4,Star Trek IV: The Voyage Home,KIRK,Right.
4,Star Trek IV: The Voyage Home,KIRK,Status?
4,Star Trek IV: The Voyage Home,SPOCK,The tank will be finished by morning.
4,Star Trek IV: The Voyage Home,KIRK,That's cutting it closer than you know. What about team two?
4,Star Trek IV: The Voyage Home,SPOCK,No word since beam-in. We can only wait for them to call.
4,Star Trek IV: The Voyage Home,KIRK,"Damn. ...Dammit! We've been so lucky. We have the two perfect whales right in our hands, but if we don't move quickly, we'll lose them!"
4,Star Trek IV: The Voyage Home,SPOCK,"In that event, the probabilities are that our mission would fail."
4,Star Trek IV: The Voyage Home,KIRK,"Our mission! You're talking about the end of every life on Earth! You're half human, haven't you got any goddamned feelings about that!!"
4,Star Trek IV: The Voyage Home,RADAR OPERATOR,There it is again.
4,Star Trek IV: The Voyage Home,ELECTRONIC TECHNICIAN,That's too weird. ...Commander. C.D.O.: I thought you gents were running a test program.
4,Star Trek IV: The Voyage Home,ELECTRONIC TECHNICIAN,"Yes sir, but we are apparently getting a power drain and it must be coming from inside the ship. C.D.O.: C.I.C., Command Officer Rogerson. Yes, Chief, we're tracking that, too. What do you make of it?"
4,Star Trek IV: The Voyage Home,UHURA,"Scotty, we're ready for beam out. ...Scotty! Can you hear me?"
4,Star Trek IV: The Voyage Home,UHURA,Scotty! Did you read?
4,Star Trek IV: The Voyage Home,UHURA,Scotty! ...Scotty!
4,Star Trek IV: The Voyage Home,SCOTT,"Lass, I can hardly hear you. ...My transporter power's down to minimal. I've got to bring you in one at a time."
4,Star Trek IV: The Voyage Home,CHEKOV,Take the collector. You go first!
4,Star Trek IV: The Voyage Home,SCOTT,Stand by.
4,Star Trek IV: The Voyage Home,CHEKOV,"Hello? ...Come in, please. ...Scotty, how soon?"
4,Star Trek IV: The Voyage Home,SCOTT,"Chekov, you're breaking up. Please signal again. ...Chekov, can you hear me?"
4,Star Trek IV: The Voyage Home,CHEKOV,Scotty! ...Now would be a good time.
4,Star Trek IV: The Voyage Home,MARINE LIEUTENANT,Freeze!
4,Star Trek IV: The Voyage Home,SCOTT,Chekov! ...I've lost him.
4,Star Trek IV: The Voyage Home,FBI AGENT,"Commander Pavel Chekov, Starfleet, United Federation of Planets. ...Right, Commander, is there anything you wanna tell us?"
4,Star Trek IV: The Voyage Home,CHEKOV,Like what?
4,Star Trek IV: The Voyage Home,FBI AGENT,Like who you really are and what you're doing here and what these things here are.
4,Star Trek IV: The Voyage Home,CHEKOV,"I am Pavel Chekov. Commander in Starfleet, United Federation of Planets, service number six five six, five eight two seven, D."
4,Star Trek IV: The Voyage Home,FBI AGENT,All right. Let's take it from the top.
4,Star Trek IV: The Voyage Home,CHEKOV,The top of what?
4,Star Trek IV: The Voyage Home,FBI AGENT,Name?
4,Star Trek IV: The Voyage Home,CHEKOV,My name?
4,Star Trek IV: The Voyage Home,FBI AGENT,"No, my name."
4,Star Trek IV: The Voyage Home,CHEKOV,I do not know your name.
4,Star Trek IV: The Voyage Home,FBI AGENT,"You play games with me, mister, and you're through"
4,Star Trek IV: The Voyage Home,CHEKOV,I am? May I go now?
4,Star Trek IV: The Voyage Home,FBI AGENT,What do you think?
4,Star Trek IV: The Voyage Home,CIVILIAN AGENT,He's a Russkie.
4,Star Trek IV: The Voyage Home,FBI AGENT,"That is the stupidest thing I have ever heard in my life. Of course he's a russkie, but he's a retard or something."
4,Star Trek IV: The Voyage Home,CIVILIAN AGENT,You'd better call Washington.
4,Star Trek IV: The Voyage Home,CHEKOV,Don't move!
4,Star Trek IV: The Voyage Home,FBI AGENT,Okay. ...Make nice. Give us the ray gun.
4,Star Trek IV: The Voyage Home,CHEKOV,"I varn you. If you don't lie on the floor, I vill have to stun you."
4,Star Trek IV: The Voyage Home,FBI AGENT,Go ahead. Stun me.
4,Star Trek IV: The Voyage Home,CHEKOV,I'm wery sorry. ...It must be the radiation.
4,Star Trek IV: The Voyage Home,VOICES,Gangway! ...Hit the deck!
4,Star Trek IV: The Voyage Home,MARINE SERGEANT,Man down! Get a corpsman over here.
4,Star Trek IV: The Voyage Home,KIRK,Any luck?
4,Star Trek IV: The Voyage Home,UHURA,"Nothing. Admiral, I should never have left him."
4,Star Trek IV: The Voyage Home,KIRK,"You did what was necessary. ...Keep trying to find him. ...Scotty, you promised me an estimate on the dilithium crystals."
4,Star Trek IV: The Voyage Home,SCOTT,"It's going slowly, sir. It'll be well into tomorrow."
4,Star Trek IV: The Voyage Home,KIRK,"That's not good enough, Mister Scott. You've got to do better!"
4,Star Trek IV: The Voyage Home,SCOTT,"I'll try, sir. Scott out. He's in a wee bit of a snit, isn't he?"
4,Star Trek IV: The Voyage Home,SPOCK,He is a man of deep feelings.
4,Star Trek IV: The Voyage Home,SCOTT,"Aye, what else is new?"
4,Star Trek IV: The Voyage Home,BOB,They left last night. We didn't want a mob scene with the press. It wouldn't have been good for them. Besides ...we thought it would be easier on you this way.
4,Star Trek IV: The Voyage Home,GILLIAN,You sent them away without even letting me say goodbye?
4,Star Trek IV: The Voyage Home,BOB,Gillian.
4,Star Trek IV: The Voyage Home,GILLIAN,You son of a bitch.
4,Star Trek IV: The Voyage Home,GILLIAN,Admiral! Admiral Kirk! ...Admiral Kirk!
4,Star Trek IV: The Voyage Home,GILLIAN,Admiral! ...Admiral Kirk! ...Admiral Kir...
4,Star Trek IV: The Voyage Home,GILLIAN,"Admiral! ...Admiral! ...Admiral Kirk, can you hear me? They're gone! I need your help. Are you in there?"
4,Star Trek IV: The Voyage Home,SCOTT,"Admiral, we have problem."
4,Star Trek IV: The Voyage Home,GILLIAN,Admiral! ...Admiral Kirk! ...Can you hear me? ...Admiral! ...Admiral Kirk! ...Can you hear me? ...Admiral Kirk! ...Can you hear me? I need your help!
4,Star Trek IV: The Voyage Home,GILLIAN,"Oh, my God! Aahh..."
4,Star Trek IV: The Voyage Home,KIRK,"Hello, Alice. Welcome to wonderland."
4,Star Trek IV: The Voyage Home,GILLIAN,"Oh, it's true!"
4,Star Trek IV: The Voyage Home,KIRK,"Yes, it's true."
4,Star Trek IV: The Voyage Home,GILLIAN,What you said.
4,Star Trek IV: The Voyage Home,KIRK,"Yes, it is. I'm glad you're here, but I must admit you picked a helluva time to drop in. ...Take it easy, now. We need your help."
4,Star Trek IV: The Voyage Home,GILLIAN,Is this real?
4,Star Trek IV: The Voyage Home,KIRK,"Yes, it's all real. Take a look."
4,Star Trek IV: The Voyage Home,KIRK,Storage tanks for your whales. We'll bring them up the same we brought you. It's calle..
4,Star Trek IV: The Voyage Home,GILLIAN,"Admiral, they're gone."
4,Star Trek IV: The Voyage Home,KIRK,Gone?
4,Star Trek IV: The Voyage Home,GILLIAN,They were taken last night. I wasn't told. They're in Alaska by now.
4,Star Trek IV: The Voyage Home,KIRK,Damn!
4,Star Trek IV: The Voyage Home,GILLIAN,"But they're tagged, like I told you, you can go find them, right?"
4,Star Trek IV: The Voyage Home,KIRK,I can't go anywhere.
4,Star Trek IV: The Voyage Home,GILLIAN,What kind of spaceship is this?
4,Star Trek IV: The Voyage Home,KIRK,It's a spaceship with a missing man.
4,Star Trek IV: The Voyage Home,SPOCK,Admiral. Full power has been restored.
4,Star Trek IV: The Voyage Home,KIRK,"Thank you, Mister Spock."
4,Star Trek IV: The Voyage Home,SPOCK,"Hello, Doctor. Welcome aboard."
4,Star Trek IV: The Voyage Home,UHURA,"Admiral, ...are you there?"
4,Star Trek IV: The Voyage Home,KIRK,"Yes, Uhura, ...what's wrong?"
4,Star Trek IV: The Voyage Home,UHURA,"I've found Chekov, sir. They're taking him to emergency surgery right now."
4,Star Trek IV: The Voyage Home,KIRK,Uhura! ...Where!
4,Star Trek IV: The Voyage Home,UHURA,Mercy Hospital.
4,Star Trek IV: The Voyage Home,KIRK,Mercy Hospital?
4,Star Trek IV: The Voyage Home,GILLIAN,That's in the Mission District.
4,Star Trek IV: The Voyage Home,UHURA,They report his condition as critical.
4,Star Trek IV: The Voyage Home,UHURA,He is not expected to survive. Mc
4,Star Trek IV: The Voyage Home,COY,"Jim, you've got to let me go in there! Don't leave him in the hands of twentieth century medicine."
4,Star Trek IV: The Voyage Home,SPOCK,"Admiral, may I suggest that Doctor McCoy is correct. We must help Chekov."
4,Star Trek IV: The Voyage Home,KIRK,"Is that the logical thing to do, Spock?"
4,Star Trek IV: The Voyage Home,SPOCK,"No, but is the human thing to do."
4,Star Trek IV: The Voyage Home,KIRK,Right. ...Will you help us?
4,Star Trek IV: The Voyage Home,GILLIAN,How? Mc
4,Star Trek IV: The Voyage Home,COY,"Well, we're gonna have to look like physicians."
4,Star Trek IV: The Voyage Home,KIRK,We'll try down here. You check there.
4,Star Trek IV: The Voyage Home,WOMAN PATIENT,Doctor. Mc
4,Star Trek IV: The Voyage Home,COY,What's the matter with you?
4,Star Trek IV: The Voyage Home,WOMAN PATIENT,Kidney ...dialysis. Mc
4,Star Trek IV: The Voyage Home,COY,"Dialysis? My god, what is this, the Dark Ages? Here, you swallow that. If you have a problem, just call me."
4,Star Trek IV: The Voyage Home,KIRK,"Here, I've got it. ...Let's go. ...He's being held in the security corridor one flight up. His condition is critical. Mc"
4,Star Trek IV: The Voyage Home,COY,Come on.
4,Star Trek IV: The Voyage Home,KIRK,"Excuse me, we'll take that! ... Hold the door! Emergency!"
4,Star Trek IV: The Voyage Home,INTERN #1,Did you hear anything?
4,Star Trek IV: The Voyage Home,INTERN #2,I was there. I heard the whole thing.
4,Star Trek IV: The Voyage Home,INTERN #1,Weintrub said radical chemotherapy or she's gonna croak. Just like that.
4,Star Trek IV: The Voyage Home,INTERN #2,"Well, what about Gottlieb?"
4,Star Trek IV: The Voyage Home,INTERN #1,"All he talked about was image therapy, or otherwise he'd cut it out. Mc"
4,Star Trek IV: The Voyage Home,COY,Unbelievable.
4,Star Trek IV: The Voyage Home,INTERN #1,"You have a different view, Doctor? Mc"
4,Star Trek IV: The Voyage Home,COY,It sounds like the goddam Spanish Inquisition.
4,Star Trek IV: The Voyage Home,KIRK,Bad day!
4,Star Trek IV: The Voyage Home,COY,Out of the way!
4,Star Trek IV: The Voyage Home,POLICEMAN,We have strict orders... Mc
4,Star Trek IV: The Voyage Home,COY,"Dammit, do you want an acute case on your hands? This woman has immediate post-prandial upper abdominal distension! ...Get out of the way! Get out of the way!"
4,Star Trek IV: The Voyage Home,KIRK,What did you say she was got? Mc
4,Star Trek IV: The Voyage Home,COY,Cramps.
4,Star Trek IV: The Voyage Home,DOCTOR #1,Who are you? Why aren't you masked? Who are these people?
4,Star Trek IV: The Voyage Home,DOCTOR #2,I don't know.
4,Star Trek IV: The Voyage Home,DOCTOR #1,What the hell is that? What are you doing? Mc
4,Star Trek IV: The Voyage Home,COY,Tearing of the middle meningeal artery.
4,Star Trek IV: The Voyage Home,DOCTOR #1,"What's your degree in, dentistry? Mc"
4,Star Trek IV: The Voyage Home,COY,"How do you explain slowing pulse, low respiratory rate and coma?"
4,Star Trek IV: The Voyage Home,DOCTOR,Fundoscopic examination... Mc
4,Star Trek IV: The Voyage Home,COY,Fundoscopic examination is unrevealing in these cases!
4,Star Trek IV: The Voyage Home,DOCTOR #1,A simple evacuation of the expanding epidural hematoma will relieve the pressure. Mc
4,Star Trek IV: The Voyage Home,COY,"My God, man, drilling holes in his head's not the answer. The artery must be repaired. Now put away your butcher knives and let me save this patient before it's too late!"
4,Star Trek IV: The Voyage Home,DOCTOR #1,I'm going to have you removed.
4,Star Trek IV: The Voyage Home,KIRK,Doctors! Such unprofessional behavior. ...Into that little room please.
4,Star Trek IV: The Voyage Home,DOCTOR #1,What is that? A gun?
4,Star Trek IV: The Voyage Home,MEDICAL STAFF,What is this? ...I have no idea!
4,Star Trek IV: The Voyage Home,DOCTOR #1,He melted the lock! Mc
4,Star Trek IV: The Voyage Home,COY,We're dealing with medievalism here! ...Chemotherapy! ...Fundoscopic examinations! Mc
4,Star Trek IV: The Voyage Home,COY,"Come on, Chekov. Wake up!"
4,Star Trek IV: The Voyage Home,KIRK,"Pavel, can you hear me? Mc"
4,Star Trek IV: The Voyage Home,COY,"He's coming round, Jim."
4,Star Trek IV: The Voyage Home,KIRK,"Pavel, talk to me. ...Name! Rank!"
4,Star Trek IV: The Voyage Home,CHEKOV,"...Chekov, ...Pavel, ...Rank, ...Admiral!"
4,Star Trek IV: The Voyage Home,POLICEMAN #1,"How's the patient, Doctor?"
4,Star Trek IV: The Voyage Home,KIRK,He's gonna make it!
4,Star Trek IV: The Voyage Home,POLICEMAN #2,He? He went in with a she.
4,Star Trek IV: The Voyage Home,KIRK,One little mistake.
4,Star Trek IV: The Voyage Home,DOCTOR #1,Get us out of here! ...They've taken the patient! Get some help!
4,Star Trek IV: The Voyage Home,POLICEMAN #1,Hold it!
4,Star Trek IV: The Voyage Home,KIRK,"Not now, Pavel!"
4,Star Trek IV: The Voyage Home,POLICEMAN #1,Hold it! ...Hold it!
4,Star Trek IV: The Voyage Home,WOMAN PATIENT,The doctor gave me a pill and I grew a new kidney.
4,Star Trek IV: The Voyage Home,DOCTOR #3,It's fully functional.
4,Star Trek IV: The Voyage Home,DOCTOR #3,Fully functional?
4,Star Trek IV: The Voyage Home,KIRK,Where would the whales be by now?
4,Star Trek IV: The Voyage Home,GILLIAN,"Please, do you have a chart on board? I'll show you."
4,Star Trek IV: The Voyage Home,KIRK,"No, no, no. All I need is the radio frequency to track them."
4,Star Trek IV: The Voyage Home,GILLIAN,What are you talking about? I'm coming with you.
4,Star Trek IV: The Voyage Home,KIRK,You can't. Our next stop is the twenty-third century.
4,Star Trek IV: The Voyage Home,GILLIAN,I don't care? I've got nobody here. I have got to help those whales.
4,Star Trek IV: The Voyage Home,KIRK,"I have no time to argue with you, or even tell you how much you've meant to us. ...The radio frequency, please."
4,Star Trek IV: The Voyage Home,GILLIAN,The frequency's four oh one megahertz.
4,Star Trek IV: The Voyage Home,KIRK,"Thank you, ...for everything. Scotty, beam me up!"
4,Star Trek IV: The Voyage Home,GILLIAN,Surprise!
4,Star Trek IV: The Voyage Home,KIRK,"Spock, where the hell is the power you promised me?"
4,Star Trek IV: The Voyage Home,SPOCK,"One damn minute, Admiral."
4,Star Trek IV: The Voyage Home,SCOTT,I'm ready Spock. Let's go find George and Gracie.
4,Star Trek IV: The Voyage Home,KIRK,Sulu?
4,Star Trek IV: The Voyage Home,SULU,I'm trying to remember how this works. I got used to a Huey.
4,Star Trek IV: The Voyage Home,KIRK,You tricked me.
4,Star Trek IV: The Voyage Home,GILLIAN,You need me.
4,Star Trek IV: The Voyage Home,SULU,"Ready, sir."
4,Star Trek IV: The Voyage Home,KIRK,"Take a seat. Now, Mister Sulu."
4,Star Trek IV: The Voyage Home,JOGGER,What the hell was that!
4,Star Trek IV: The Voyage Home,CHEKOV,Cloaking device is stable. ...All systems normal.
4,Star Trek IV: The Voyage Home,KIRK,Stabilize Energy Reserve! ...Report helm.
4,Star Trek IV: The Voyage Home,SULU,"Maintaining impulse climb. Wing five by zero, helm steady."
4,Star Trek IV: The Voyage Home,KIRK,Advise reaching ten thousand. Steer three one zero.
4,Star Trek IV: The Voyage Home,SULU,"Three one zero, aye!"
4,Star Trek IV: The Voyage Home,KIRK,"Uhura, scan for the whales. four oh one megahertz!"
4,Star Trek IV: The Voyage Home,UHURA,"Scanning, sir!"
4,Star Trek IV: The Voyage Home,SULU,"Ten thousand M.S.L., Admiral."
4,Star Trek IV: The Voyage Home,KIRK,Wing to cruise configuration. Full impulse power.
4,Star Trek IV: The Voyage Home,SULU,Aye sir. ...Three one zero to the Bering Sea. E.T.A. twelve minutes.
4,Star Trek IV: The Voyage Home,KIRK,"Scotty, are the whale tanks secure?"
4,Star Trek IV: The Voyage Home,SCOTT,"Aye, sir. But I've never beamed up four hundred tons before."
4,Star Trek IV: The Voyage Home,KIRK,Four hundred tons?
4,Star Trek IV: The Voyage Home,SCOTT,"It not just the whales, it's the water."
4,Star Trek IV: The Voyage Home,KIRK,"Yes, of course. ...The whales, any contact?"
4,Star Trek IV: The Voyage Home,UHURA,"Negative, sir. Mc"
4,Star Trek IV: The Voyage Home,COY,"You, ah... You present the appearance of a man with a problem."
4,Star Trek IV: The Voyage Home,SPOCK,"Your perception is correct, Doctor. In order to return us to the exact moment at which we left the twenty-third century, I have used our journey back through time as a reference, calculating the coefficient of elapsed time in relation to the acceleration curve. Mc"
4,Star Trek IV: The Voyage Home,COY,Naturally. So what's your problem?
4,Star Trek IV: The Voyage Home,SPOCK,Acceleration is no longer a constant. Mc
4,Star Trek IV: The Voyage Home,COY,"Well, then you're gonna have to take your best shot."
4,Star Trek IV: The Voyage Home,SPOCK,Best shot? Mc
4,Star Trek IV: The Voyage Home,COY,"Guess, Spock. Your best guess."
4,Star Trek IV: The Voyage Home,SPOCK,"Guessing is not in my nature, Doctor. Mc"
4,Star Trek IV: The Voyage Home,COY,"Well, ...nobody's perfect."
4,Star Trek IV: The Voyage Home,GILLIAN,That's it. That's it!
4,Star Trek IV: The Voyage Home,UHURA,Affirmative. Contact with the whales.
4,Star Trek IV: The Voyage Home,KIRK,Bearing!
4,Star Trek IV: The Voyage Home,UHURA,"Bearing three two seven, range six hundred nautical."
4,Star Trek IV: The Voyage Home,KIRK,Put them on screen!
4,Star Trek IV: The Voyage Home,GILLIAN,How can you do that?
4,Star Trek IV: The Voyage Home,UHURA,"On screen! ...Admiral, I have a signal closing in on the whales. Bearing three two eight degrees."
4,Star Trek IV: The Voyage Home,KIRK,Let's see it. Mc
4,Star Trek IV: The Voyage Home,COY,What kind of ship is that?
4,Star Trek IV: The Voyage Home,GILLIAN,"A whaling ship, Doctor. Are we too late?"
4,Star Trek IV: The Voyage Home,KIRK,"Full power descent, Mister Sulu."
4,Star Trek IV: The Voyage Home,SULU,Aye sir. Full power descent.
4,Star Trek IV: The Voyage Home,SULU,"Ten seconds, sir!"
4,Star Trek IV: The Voyage Home,KIRK,"All right Scotty, it's up to you."
4,Star Trek IV: The Voyage Home,SCOTT,"Ten seconds, Admiral, five, four, three, two, one. ...Admiral! There be whales here!"
4,Star Trek IV: The Voyage Home,KIRK,"Well done, Mister Scott. How soon can we be ready for warp speed?"
4,Star Trek IV: The Voyage Home,SCOTT,"Full power now, sir."
4,Star Trek IV: The Voyage Home,KIRK,"If you will, Mister Sulu."
4,Star Trek IV: The Voyage Home,SULU,"Aye sir, warp speed!"
4,Star Trek IV: The Voyage Home,KIRK,"Mister Sulu, you have the con. I'm gonna take our guest down and have a look at her whales. Oh, Mister Spock! Have you accounted for the variable mass of whales and water in your time re-entry program?"
4,Star Trek IV: The Voyage Home,SPOCK,"Mister Scott cannot give me exact figures, Admiral. ...So I will make a guess."
4,Star Trek IV: The Voyage Home,KIRK,"A guess? You, Spock? That's extraordinary!"
4,Star Trek IV: The Voyage Home,SPOCK,I don't think he understands. Mc
4,Star Trek IV: The Voyage Home,COY,"No, Spock. He means that he feels safer about your 'guesses' than most other people's facts."
4,Star Trek IV: The Voyage Home,SPOCK,Then you're saying ...it is a compliment. Mc
4,Star Trek IV: The Voyage Home,COY,It is.
4,Star Trek IV: The Voyage Home,SPOCK,"Ah, then I will try to make the best guess I can."
4,Star Trek IV: The Voyage Home,KIRK,They say 'The sea is cold but the sea contains the hottest blood of all'
4,Star Trek IV: The Voyage Home,GILLIAN,"'Whales Weep Not', D.H. Lawrence."
4,Star Trek IV: The Voyage Home,KIRK,"It's ironic. When man was killing these creatures, he was destroying his own future."
4,Star Trek IV: The Voyage Home,SCOTT,"The beasties seem happy to see you, Doctor. I hope you like our little aquarium."
4,Star Trek IV: The Voyage Home,GILLIAN,"A miracle, Mister Scott."
4,Star Trek IV: The Voyage Home,SCOTT,A miracle? That's yet to come.
4,Star Trek IV: The Voyage Home,GILLIAN,What does that mean?
4,Star Trek IV: The Voyage Home,KIRK,It means that our chances of getting home are not too good. You might have lived a longer life if you'd stayed where you belong.
4,Star Trek IV: The Voyage Home,GILLIAN,I belong here. I am a whale biologist. Suppose by some miracle you do get them through. ...Who in the twenty-third century knows anything about humpback whales?
4,Star Trek IV: The Voyage Home,KIRK,You have a point.
4,Star Trek IV: The Voyage Home,GILLIAN,What was that?
4,Star Trek IV: The Voyage Home,SCOTT,Admiral! I think you'd better get up there. We're having a power fall-off.
4,Star Trek IV: The Voyage Home,KIRK,Stay with them. I'm on my way.
4,Star Trek IV: The Voyage Home,SCOTT,"Hold on tight, lassie. It gets bumpy from here."
4,Star Trek IV: The Voyage Home,SCOTT,"Warp seven point five, ...Seven point nine,..."
4,Star Trek IV: The Voyage Home,CHEKOV,Shields at Maximum!
4,Star Trek IV: The Voyage Home,SCOTT,"Mister Sulu, that's all I can give you!"
4,Star Trek IV: The Voyage Home,KIRK,Can we make breakaway speed?
4,Star Trek IV: The Voyage Home,SPOCK,"Hardly, Admiral, I cannot even guarantee we will escape the sun's gravity! I shall attempt to compensate by altering our trajectory."
4,Star Trek IV: The Voyage Home,SULU,"Warp eight. Eight point one... Maximum speed, sir!"
4,Star Trek IV: The Voyage Home,SPOCK,"Admiral, I need thruster control."
4,Star Trek IV: The Voyage Home,KIRK,Acceleration thrusters at Spock's command!
4,Star Trek IV: The Voyage Home,SPOCK,Steady. ...Steady. ...Now!
4,Star Trek IV: The Voyage Home,KIRK,Did braking thrusters fire?
4,Star Trek IV: The Voyage Home,SPOCK,"They did, Admiral."
4,Star Trek IV: The Voyage Home,KIRK,"Then where the hell are we? ...The Probe! ...Condition report, Spock."
4,Star Trek IV: The Voyage Home,SPOCK,"No data, Admiral. Computers are non-functional."
4,Star Trek IV: The Voyage Home,CHEKOV,"The mains are down, sir! Aux. power is not responding."
4,Star Trek IV: The Voyage Home,KIRK,"Switch to manual control, Mister Sulu."
4,Star Trek IV: The Voyage Home,SULU,"I have no control, sir! Mc"
4,Star Trek IV: The Voyage Home,COY,"My God, Jim, where are we?"
4,Star Trek IV: The Voyage Home,KIRK,"Out of control, and blind as a bat!"
4,Star Trek IV: The Voyage Home,CARTWRIGHT,Get him back! Get him back!
4,Star Trek IV: The Voyage Home,SAREK,Look!
4,Star Trek IV: The Voyage Home,CARTWRIGHT,They're heading for the bridge!
4,Star Trek IV: The Voyage Home,KIRK,Ground cushion! Keep the nose up if you can.
4,Star Trek IV: The Voyage Home,KIRK,"We're in the water! Blow the hatch! ...You got us to the right place, Spock. Now all we have to do is get the whales out before we sink. Abandon ship! ...Scotty, do you hear me? ...Scotty? Move, move! See to the safety of all hands."
4,Star Trek IV: The Voyage Home,SPOCK,I will.
4,Star Trek IV: The Voyage Home,SCOTT,"Lassie, get my arm!"
4,Star Trek IV: The Voyage Home,GILLIAN,I've got it.
4,Star Trek IV: The Voyage Home,KIRK,Scotty?
4,Star Trek IV: The Voyage Home,SCOTT,"Admiral, help!"
4,Star Trek IV: The Voyage Home,KIRK,"I'm here, Scotty. I'm here!"
4,Star Trek IV: The Voyage Home,KIRK,You're gonna be all right.
4,Star Trek IV: The Voyage Home,GILLIAN,The whales are trapped. What's wrong?
4,Star Trek IV: The Voyage Home,SCOTT,There's no power to the bay doors.
4,Star Trek IV: The Voyage Home,KIRK,Explosive override?
4,Star Trek IV: The Voyage Home,SCOTT,It's under water and there's no way to reach it.
4,Star Trek IV: The Voyage Home,KIRK,You go on ahead. Close the hatch!
4,Star Trek IV: The Voyage Home,SCOTT,"Admiral, you'll be trapped!"
4,Star Trek IV: The Voyage Home,KIRK,Go on!
4,Star Trek IV: The Voyage Home,UHURA,Do you see them?
4,Star Trek IV: The Voyage Home,GILLIAN,Oohh...
4,Star Trek IV: The Voyage Home,KIRK,There! ... Why don't they answer? Why don't they sing?
4,Star Trek IV: The Voyage Home,CARTWRIGHT,"Mister President, ...we have power!"
4,Star Trek IV: The Voyage Home,FEDERATION PRESIDENT,"The Council is now in session. If you will all take your seats. Bring in the accused. ...Captain Spock, you do not stand accused."
4,Star Trek IV: The Voyage Home,SPOCK,"Mister President, I stand with my shipmates."
4,Star Trek IV: The Voyage Home,FEDERATION PRESIDENT,"As you wish. ...The charges and specifications are. Conspiracy. Assault on Federation Officers. Theft of Federation Property, namely the Starship Enterprise. Sabotage of the U.S.S. Excelsior, Wilful destruction of Federation Property, specifically the aforementioned U.S.S. Enterprise. And finally, disobeying direct orders of the Starfleet Commander. ...Admiral Kirk, how do you plead?"
4,Star Trek IV: The Voyage Home,KIRK,"On behalf of all of us, Mister President, I am authorized to plead guilty."
4,Star Trek IV: The Voyage Home,FEDERATION PRESIDENT,"So entered. Because of certain mitigating circumstances, all charges but one are summarily dismissed. ...The remaining charge, disobeying orders of a superior officer is directed solely at Admiral Kirk. I'm sure the Admiral will recognize the necessity of keeping diskipline in any chain of command."
4,Star Trek IV: The Voyage Home,KIRK,"I do, sir."
4,Star Trek IV: The Voyage Home,FEDERATION PRESIDENT,"James T. Kirk. ...It is the judgment of this Council that you be reduced in rank to Captain, ...and that as a consequence of your new rank, you be given the duties for which you have repeatedly demonstrated unswerving ability. The command of a starship. ...Silence! Captain Kirk, You and your crew have saved this planet from its own short-sightedness ...and we are forever in your debt."
4,Star Trek IV: The Voyage Home,GILLIAN,"I'm so happy for you, I can't tell you! Thank you, so much."
4,Star Trek IV: The Voyage Home,KIRK,Wait a minute! Where you going?
4,Star Trek IV: The Voyage Home,GILLIAN,You're going to your ship. I'm going to mine. Science vessel. I've got three hundred years of catch-up learning to do.
4,Star Trek IV: The Voyage Home,KIRK,You mean this is ...goodbye?
4,Star Trek IV: The Voyage Home,GILLIAN,Why does it have to be goodbye?
4,Star Trek IV: The Voyage Home,KIRK,"Well, like they say in your century, ...I don't even have your telephone number. ...How will I find you?"
4,Star Trek IV: The Voyage Home,GILLIAN,Don't worry. ...I'll find you. See you around the galaxy.
4,Star Trek IV: The Voyage Home,SPOCK,Father?
4,Star Trek IV: The Voyage Home,SAREK,I am returning to Vulcan within the hour. I would like to take my leave of you.
4,Star Trek IV: The Voyage Home,SPOCK,It was most kind of you to make this effort.
4,Star Trek IV: The Voyage Home,SAREK,"It was not an effort. You are my son. ...Besides, I am most impressed with your performance in this ...crisis."
4,Star Trek IV: The Voyage Home,SPOCK,Most kind.
4,Star Trek IV: The Voyage Home,SAREK,"As I recall, I opposed your enlistment in Starfleet. ...It is possible that judgment was incorrect. ...Your associates are people of good character."
4,Star Trek IV: The Voyage Home,SPOCK,They are my friends.
4,Star Trek IV: The Voyage Home,SAREK,"Yes, of course. ...Do you have a message for your mother?"
4,Star Trek IV: The Voyage Home,SPOCK,"Yes. Tell her ...I feel fine. Live long and prosper, father."
4,Star Trek IV: The Voyage Home,SAREK,"Live long and prosper, my son."
4,Star Trek IV: The Voyage Home,COY,The bureaucratic mentality is the only constant in the universe. We'll get a freighter.
4,Star Trek IV: The Voyage Home,SULU,"With all respect, Doctor, I'm counting on Excelsior."
4,Star Trek IV: The Voyage Home,SCOTT,Excelsior? Why in God's name would you want that bucket of bolts?
4,Star Trek IV: The Voyage Home,KIRK,A ship is a ship.
4,Star Trek IV: The Voyage Home,SCOTT,"Whatever you say, sir. Thy will be done."
4,Star Trek IV: The Voyage Home,KIRK,"My friends, ...we've come home."
4,Star Trek IV: The Voyage Home,SULU,"Helm ready, Captain."
4,Star Trek IV: The Voyage Home,KIRK,"All right, Mister Sulu, Let's see what she's got."
4,Star Trek IV: The Voyage Home,SULU,Aye sir! END CREDITS <Back to the films list
